dataset,model,net,size,iid,alg,rep,round,agent,acc,loss,err,nmsg,msiz
cifar10,CNN1,none,5,2,fed_mutual,1,1,0,0.2828,6.207997798919678,0,0,0
cifar10,CNN1,none,5,2,fed_mutual,1,1,1,0.2524,6.4082536697387695,0,0,0
cifar10,CNN1,none,5,2,fed_mutual,1,1,2,0.2216,7.4971137046813965,0,0,0
cifar10,CNN1,none,5,2,fed_mutual,1,1,3,0.2429,5.726273059844971,0,0,0
cifar10,CNN1,none,5,2,fed_mutual,1,1,4,0.2789,4.5161566734313965,0,0,0
cifar10,CNN1,none,5,2,fed_mutual,1,2,0,0.2897,5.437423229217529,0,0,0
cifar10,CNN1,none,5,2,fed_mutual,1,2,1,0.2682,5.693731784820557,0,0,0
cifar10,CNN1,none,5,2,fed_mutual,1,2,2,0.2274,7.4289937019348145,0,0,0
cifar10,CNN1,none,5,2,fed_mutual,1,2,3,0.2718,5.196976184844971,0,0,0
cifar10,CNN1,none,5,2,fed_mutual,1,2,4,0.2943,5.083904266357422,0,0,0
cifar10,CNN1,none,5,2,fed_mutual,1,3,0,0.2975,5.3801774978637695,0,0,0
cifar10,CNN1,none,5,2,fed_mutual,1,3,1,0.2824,5.382779598236084,0,0,0
cifar10,CNN1,none,5,2,fed_mutual,1,3,2,0.2223,7.66364860534668,0,0,0
cifar10,CNN1,none,5,2,fed_mutual,1,3,3,0.2755,4.986030578613281,0,0,0
cifar10,CNN1,none,5,2,fed_mutual,1,3,4,0.3047,4.359211444854736,0,0,0
cifar10,CNN1,none,5,2,fed_mutual,1,4,0,0.3034,5.342608451843262,0,0,0
cifar10,CNN1,none,5,2,fed_mutual,1,4,1,0.2968,4.8400983810424805,0,0,0
cifar10,CNN1,none,5,2,fed_mutual,1,4,2,0.2368,6.711284637451172,0,0,0
cifar10,CNN1,none,5,2,fed_mutual,1,4,3,0.2897,4.587656021118164,0,0,0
cifar10,CNN1,none,5,2,fed_mutual,1,4,4,0.311,4.715919494628906,0,0,0
cifar10,CNN1,none,5,2,fed_mutual,1,5,0,0.3125,5.084799289703369,0,0,0
cifar10,CNN1,none,5,2,fed_mutual,1,5,1,0.2761,4.625734806060791,0,0,0
cifar10,CNN1,none,5,2,fed_mutual,1,5,2,0.2403,6.708227634429932,0,0,0
cifar10,CNN1,none,5,2,fed_mutual,1,5,3,0.2931,4.80875825881958,0,0,0
cifar10,CNN1,none,5,2,fed_mutual,1,5,4,0.302,4.313830852508545,0,0,0
cifar10,CNN1,none,5,2,fed_mutual,1,6,0,0.3102,5.362818717956543,0,0,0
cifar10,CNN1,none,5,2,fed_mutual,1,6,1,0.3022,5.362880229949951,0,0,0
cifar10,CNN1,none,5,2,fed_mutual,1,6,2,0.2358,7.113831520080566,0,0,0
cifar10,CNN1,none,5,2,fed_mutual,1,6,3,0.2945,4.766103267669678,0,0,0
cifar10,CNN1,none,5,2,fed_mutual,1,6,4,0.315,4.6040544509887695,0,0,0
cifar10,CNN1,none,5,2,fed_mutual,1,7,0,0.3113,5.063645362854004,0,0,0
cifar10,CNN1,none,5,2,fed_mutual,1,7,1,0.3043,5.550481796264648,0,0,0
cifar10,CNN1,none,5,2,fed_mutual,1,7,2,0.2443,6.954726219177246,0,0,0
cifar10,CNN1,none,5,2,fed_mutual,1,7,3,0.2927,4.751952648162842,0,0,0
cifar10,CNN1,none,5,2,fed_mutual,1,7,4,0.322,4.651409149169922,0,0,0
cifar10,CNN1,none,5,2,fed_mutual,1,8,0,0.3128,5.358795166015625,0,0,0
cifar10,CNN1,none,5,2,fed_mutual,1,8,1,0.3111,4.71240758895874,0,0,0
cifar10,CNN1,none,5,2,fed_mutual,1,8,2,0.24850000000000003,6.632019996643066,0,0,0
cifar10,CNN1,none,5,2,fed_mutual,1,8,3,0.2882,4.902902603149414,0,0,0
cifar10,CNN1,none,5,2,fed_mutual,1,8,4,0.3198,4.713939189910889,0,0,0
cifar10,CNN1,none,5,2,fed_mutual,1,9,0,0.3148,4.937932014465332,0,0,0
cifar10,CNN1,none,5,2,fed_mutual,1,9,1,0.3091,5.169053077697754,0,0,0
cifar10,CNN1,none,5,2,fed_mutual,1,9,2,0.2433,6.881581783294678,0,0,0
cifar10,CNN1,none,5,2,fed_mutual,1,9,3,0.2913,4.372781753540039,0,0,0
cifar10,CNN1,none,5,2,fed_mutual,1,9,4,0.3234,4.193137168884277,0,0,0
cifar10,CNN1,none,5,2,fed_mutual,1,10,0,0.324,5.122936725616455,0,0,0
cifar10,CNN1,none,5,2,fed_mutual,1,10,1,0.3124,4.619808197021484,0,0,0
cifar10,CNN1,none,5,2,fed_mutual,1,10,2,0.2391,6.084496021270752,0,0,0
cifar10,CNN1,none,5,2,fed_mutual,1,10,3,0.2891,4.430486679077148,0,0,0
cifar10,CNN1,none,5,2,fed_mutual,1,10,4,0.3174,4.177669048309326,0,0,0
cifar10,CNN1,none,5,2,fed_mutual,1,11,0,0.3223,4.967844009399414,0,0,0
cifar10,CNN1,none,5,2,fed_mutual,1,11,1,0.3127,4.461699962615967,0,0,0
cifar10,CNN1,none,5,2,fed_mutual,1,11,2,0.2476,5.997153282165527,0,0,0
cifar10,CNN1,none,5,2,fed_mutual,1,11,3,0.2969,4.52109432220459,0,0,0
cifar10,CNN1,none,5,2,fed_mutual,1,11,4,0.3283,4.353738307952881,0,0,0
cifar10,CNN1,none,5,2,fed_mutual,1,12,0,0.3265,4.560698509216309,0,0,0
cifar10,CNN1,none,5,2,fed_mutual,1,12,1,0.3013,4.816837787628174,0,0,0
cifar10,CNN1,none,5,2,fed_mutual,1,12,2,0.2372,6.53778076171875,0,0,0
cifar10,CNN1,none,5,2,fed_mutual,1,12,3,0.2965,4.479959011077881,0,0,0
cifar10,CNN1,none,5,2,fed_mutual,1,12,4,0.3238,4.316466331481934,0,0,0
cifar10,CNN1,none,5,2,fed_mutual,1,13,0,0.3264,4.8569416999816895,0,0,0
cifar10,CNN1,none,5,2,fed_mutual,1,13,1,0.3095,4.638052463531494,0,0,0
cifar10,CNN1,none,5,2,fed_mutual,1,13,2,0.2469,6.292551517486572,0,0,0
cifar10,CNN1,none,5,2,fed_mutual,1,13,3,0.2875,3.973254442214966,0,0,0
cifar10,CNN1,none,5,2,fed_mutual,1,13,4,0.32780000000000004,4.028580188751221,0,0,0
cifar10,CNN1,none,5,2,fed_mutual,1,14,0,0.3262,4.9349260330200195,0,0,0
cifar10,CNN1,none,5,2,fed_mutual,1,14,1,0.3,5.071278095245361,0,0,0
cifar10,CNN1,none,5,2,fed_mutual,1,14,2,0.24969999999999998,6.217075347900391,0,0,0
cifar10,CNN1,none,5,2,fed_mutual,1,14,3,0.3001,4.420795917510986,0,0,0
cifar10,CNN1,none,5,2,fed_mutual,1,14,4,0.3176,4.20389461517334,0,0,0
cifar10,CNN1,none,5,2,fed_mutual,1,15,0,0.3245,4.893988132476807,0,0,0
cifar10,CNN1,none,5,2,fed_mutual,1,15,1,0.3166,4.878536224365234,0,0,0
cifar10,CNN1,none,5,2,fed_mutual,1,15,2,0.2441,6.352303981781006,0,0,0
cifar10,CNN1,none,5,2,fed_mutual,1,15,3,0.3027,3.982661008834839,0,0,0
cifar10,CNN1,none,5,2,fed_mutual,1,15,4,0.3359,4.203165054321289,0,0,0
cifar10,CNN1,none,5,2,fed_mutual,1,16,0,0.3249,4.969966411590576,0,0,0
cifar10,CNN1,none,5,2,fed_mutual,1,16,1,0.3171,4.575392723083496,0,0,0
cifar10,CNN1,none,5,2,fed_mutual,1,16,2,0.2535,6.2329535484313965,0,0,0
cifar10,CNN1,none,5,2,fed_mutual,1,16,3,0.3021,4.335094928741455,0,0,0
cifar10,CNN1,none,5,2,fed_mutual,1,16,4,0.33629999999999993,4.17289400100708,0,0,0
cifar10,CNN1,none,5,2,fed_mutual,1,17,0,0.3244,4.883617877960205,0,0,0
cifar10,CNN1,none,5,2,fed_mutual,1,17,1,0.3043,4.609081268310547,0,0,0
cifar10,CNN1,none,5,2,fed_mutual,1,17,2,0.2488,6.233209133148193,0,0,0
cifar10,CNN1,none,5,2,fed_mutual,1,17,3,0.2977,4.258277416229248,0,0,0
cifar10,CNN1,none,5,2,fed_mutual,1,17,4,0.3267,4.086115837097168,0,0,0
cifar10,CNN1,none,5,2,fed_mutual,1,18,0,0.3323,4.862295150756836,0,0,0
cifar10,CNN1,none,5,2,fed_mutual,1,18,1,0.3156,4.834473609924316,0,0,0
cifar10,CNN1,none,5,2,fed_mutual,1,18,2,0.24050000000000002,6.529501914978027,0,0,0
cifar10,CNN1,none,5,2,fed_mutual,1,18,3,0.2976,4.332058906555176,0,0,0
cifar10,CNN1,none,5,2,fed_mutual,1,18,4,0.3391,4.011530876159668,0,0,0
cifar10,CNN1,none,5,2,fed_mutual,1,19,0,0.3197,5.176151752471924,0,0,0
cifar10,CNN1,none,5,2,fed_mutual,1,19,1,0.317,4.415421962738037,0,0,0
cifar10,CNN1,none,5,2,fed_mutual,1,19,2,0.2488,6.37879753112793,0,0,0
cifar10,CNN1,none,5,2,fed_mutual,1,19,3,0.3029,4.053548812866211,0,0,0
cifar10,CNN1,none,5,2,fed_mutual,1,19,4,0.3286,4.192848205566406,0,0,0
cifar10,CNN1,none,5,2,fed_mutual,1,20,0,0.3305,4.838776588439941,0,0,0
cifar10,CNN1,none,5,2,fed_mutual,1,20,1,0.3147,4.738255023956299,0,0,0
cifar10,CNN1,none,5,2,fed_mutual,1,20,2,0.2437,6.476126194000244,0,0,0
cifar10,CNN1,none,5,2,fed_mutual,1,20,3,0.3064,4.19426965713501,0,0,0
cifar10,CNN1,none,5,2,fed_mutual,1,20,4,0.3406,3.9361298084259033,0,0,0
cifar10,CNN1,none,5,2,fed_mutual,1,21,0,0.3272,4.831599712371826,0,0,0
cifar10,CNN1,none,5,2,fed_mutual,1,21,1,0.3221,4.701322555541992,0,0,0
cifar10,CNN1,none,5,2,fed_mutual,1,21,2,0.2531,6.5639967918396,0,0,0
cifar10,CNN1,none,5,2,fed_mutual,1,21,3,0.3013,3.9157869815826416,0,0,0
cifar10,CNN1,none,5,2,fed_mutual,1,21,4,0.341,3.79182505607605,0,0,0
cifar10,CNN1,none,5,2,fed_mutual,1,22,0,0.3296,4.761198997497559,0,0,0
cifar10,CNN1,none,5,2,fed_mutual,1,22,1,0.3209,4.82859468460083,0,0,0
cifar10,CNN1,none,5,2,fed_mutual,1,22,2,0.2508,6.212597846984863,0,0,0
cifar10,CNN1,none,5,2,fed_mutual,1,22,3,0.3081,4.009751319885254,0,0,0
cifar10,CNN1,none,5,2,fed_mutual,1,22,4,0.3404,3.937574625015259,0,0,0
cifar10,CNN1,none,5,2,fed_mutual,1,23,0,0.3196,4.239267349243164,0,0,0
cifar10,CNN1,none,5,2,fed_mutual,1,23,1,0.3125,4.816346645355225,0,0,0
cifar10,CNN1,none,5,2,fed_mutual,1,23,2,0.2519,6.1884260177612305,0,0,0
cifar10,CNN1,none,5,2,fed_mutual,1,23,3,0.3055,4.1829447746276855,0,0,0
cifar10,CNN1,none,5,2,fed_mutual,1,23,4,0.3425,3.9377028942108154,0,0,0
cifar10,CNN1,none,5,2,fed_mutual,1,24,0,0.3312,4.451308727264404,0,0,0
cifar10,CNN1,none,5,2,fed_mutual,1,24,1,0.3179,4.528040409088135,0,0,0
cifar10,CNN1,none,5,2,fed_mutual,1,24,2,0.255,6.139848709106445,0,0,0
cifar10,CNN1,none,5,2,fed_mutual,1,24,3,0.3009,4.205968379974365,0,0,0
cifar10,CNN1,none,5,2,fed_mutual,1,24,4,0.3497,3.7907726764678955,0,0,0
cifar10,CNN1,none,5,2,fed_mutual,1,25,0,0.33640000000000003,4.9054694175720215,0,0,0
cifar10,CNN1,none,5,2,fed_mutual,1,25,1,0.3211,4.790448188781738,0,0,0
cifar10,CNN1,none,5,2,fed_mutual,1,25,2,0.2555,6.229057312011719,0,0,0
cifar10,CNN1,none,5,2,fed_mutual,1,25,3,0.3069,3.9886069297790527,0,0,0
cifar10,CNN1,none,5,2,fed_mutual,1,25,4,0.3496,3.910618782043457,0,0,0
cifar10,CNN1,none,5,2,fed_mutual,1,26,0,0.3344,4.728848457336426,0,0,0
cifar10,CNN1,none,5,2,fed_mutual,1,26,1,0.32530000000000003,4.860151290893555,0,0,0
cifar10,CNN1,none,5,2,fed_mutual,1,26,2,0.2513,6.095783233642578,0,0,0
cifar10,CNN1,none,5,2,fed_mutual,1,26,3,0.2998,3.9808056354522705,0,0,0
cifar10,CNN1,none,5,2,fed_mutual,1,26,4,0.3467,3.751194477081299,0,0,0
cifar10,CNN1,none,5,2,fed_mutual,1,27,0,0.3298,4.740316390991211,0,0,0
cifar10,CNN1,none,5,2,fed_mutual,1,27,1,0.3167,4.822498798370361,0,0,0
cifar10,CNN1,none,5,2,fed_mutual,1,27,2,0.2579,6.076536178588867,0,0,0
cifar10,CNN1,none,5,2,fed_mutual,1,27,3,0.3062,4.09812593460083,0,0,0
cifar10,CNN1,none,5,2,fed_mutual,1,27,4,0.3466,4.116373062133789,0,0,0
cifar10,CNN1,none,5,2,fed_mutual,1,28,0,0.3375,4.5370774269104,0,0,0
cifar10,CNN1,none,5,2,fed_mutual,1,28,1,0.32,4.581972122192383,0,0,0
cifar10,CNN1,none,5,2,fed_mutual,1,28,2,0.2572,6.026674270629883,0,0,0
cifar10,CNN1,none,5,2,fed_mutual,1,28,3,0.3087,3.9669013023376465,0,0,0
cifar10,CNN1,none,5,2,fed_mutual,1,28,4,0.3431,4.203060150146484,0,0,0
cifar10,CNN1,none,5,2,fed_mutual,1,29,0,0.3293,4.75842809677124,0,0,0
cifar10,CNN1,none,5,2,fed_mutual,1,29,1,0.32659999999999995,4.7800469398498535,0,0,0
cifar10,CNN1,none,5,2,fed_mutual,1,29,2,0.2542,6.52572774887085,0,0,0
cifar10,CNN1,none,5,2,fed_mutual,1,29,3,0.3084,4.464385032653809,0,0,0
cifar10,CNN1,none,5,2,fed_mutual,1,29,4,0.3446,4.133676528930664,0,0,0
cifar10,CNN1,none,5,2,fed_mutual,1,30,0,0.332,4.653909683227539,0,0,0
cifar10,CNN1,none,5,2,fed_mutual,1,30,1,0.32659999999999995,4.462303638458252,0,0,0
cifar10,CNN1,none,5,2,fed_mutual,1,30,2,0.24420000000000003,6.721030235290527,0,0,0
cifar10,CNN1,none,5,2,fed_mutual,1,30,3,0.3116,4.035006523132324,0,0,0
cifar10,CNN1,none,5,2,fed_mutual,1,30,4,0.3459999999999999,3.84523344039917,0,0,0
cifar10,CNN1,none,5,2,fed_mutual,1,31,0,0.3385,4.627725601196289,0,0,0
cifar10,CNN1,none,5,2,fed_mutual,1,31,1,0.3198,4.976684093475342,0,0,0
cifar10,CNN1,none,5,2,fed_mutual,1,31,2,0.2518,6.788544178009033,0,0,0
cifar10,CNN1,none,5,2,fed_mutual,1,31,3,0.3054,4.109586238861084,0,0,0
cifar10,CNN1,none,5,2,fed_mutual,1,31,4,0.3509999999999999,3.7968780994415283,0,0,0
cifar10,CNN1,none,5,2,fed_mutual,1,32,0,0.3331,4.842109680175781,0,0,0
cifar10,CNN1,none,5,2,fed_mutual,1,32,1,0.3212,4.888459205627441,0,0,0
cifar10,CNN1,none,5,2,fed_mutual,1,32,2,0.2379,7.085288047790527,0,0,0
cifar10,CNN1,none,5,2,fed_mutual,1,32,3,0.3045,3.8055877685546875,0,0,0
cifar10,CNN1,none,5,2,fed_mutual,1,32,4,0.34489999999999993,4.084437370300293,0,0,0
cifar10,CNN1,none,5,2,fed_mutual,1,33,0,0.3392,4.8352532386779785,0,0,0
cifar10,CNN1,none,5,2,fed_mutual,1,33,1,0.3259,4.808322429656982,0,0,0
cifar10,CNN1,none,5,2,fed_mutual,1,33,2,0.2586,6.370418548583984,0,0,0
cifar10,CNN1,none,5,2,fed_mutual,1,33,3,0.304,3.912727117538452,0,0,0
cifar10,CNN1,none,5,2,fed_mutual,1,33,4,0.3423999999999999,4.272111415863037,0,0,0
cifar10,CNN1,none,5,2,fed_mutual,1,34,0,0.3393,4.494976043701172,0,0,0
cifar10,CNN1,none,5,2,fed_mutual,1,34,1,0.3262,4.732406139373779,0,0,0
cifar10,CNN1,none,5,2,fed_mutual,1,34,2,0.2569,6.744903564453125,0,0,0
cifar10,CNN1,none,5,2,fed_mutual,1,34,3,0.3111,4.312339782714844,0,0,0
cifar10,CNN1,none,5,2,fed_mutual,1,34,4,0.3477,3.885862350463867,0,0,0
cifar10,CNN1,none,5,2,fed_mutual,1,35,0,0.3357,4.835533142089844,0,0,0
cifar10,CNN1,none,5,2,fed_mutual,1,35,1,0.3267,4.775319576263428,0,0,0
cifar10,CNN1,none,5,2,fed_mutual,1,35,2,0.2569,6.674891948699951,0,0,0
cifar10,CNN1,none,5,2,fed_mutual,1,35,3,0.312,4.188436508178711,0,0,0
cifar10,CNN1,none,5,2,fed_mutual,1,35,4,0.3539,3.765796661376953,0,0,0
cifar10,CNN1,none,5,2,fed_mutual,1,36,0,0.3389,4.572287082672119,0,0,0
cifar10,CNN1,none,5,2,fed_mutual,1,36,1,0.3281,5.04585599899292,0,0,0
cifar10,CNN1,none,5,2,fed_mutual,1,36,2,0.2609,6.8013386726379395,0,0,0
cifar10,CNN1,none,5,2,fed_mutual,1,36,3,0.3086,4.216472148895264,0,0,0
cifar10,CNN1,none,5,2,fed_mutual,1,36,4,0.3475,4.019783020019531,0,0,0
cifar10,CNN1,none,5,2,fed_mutual,1,37,0,0.32789999999999997,4.938622951507568,0,0,0
cifar10,CNN1,none,5,2,fed_mutual,1,37,1,0.3248,4.892261981964111,0,0,0
cifar10,CNN1,none,5,2,fed_mutual,1,37,2,0.2595,6.098403453826904,0,0,0
cifar10,CNN1,none,5,2,fed_mutual,1,37,3,0.3086,4.120677947998047,0,0,0
cifar10,CNN1,none,5,2,fed_mutual,1,37,4,0.35620000000000007,3.9336652755737305,0,0,0
cifar10,CNN1,none,5,2,fed_mutual,1,38,0,0.338,4.527109146118164,0,0,0
cifar10,CNN1,none,5,2,fed_mutual,1,38,1,0.3312,4.946643829345703,0,0,0
cifar10,CNN1,none,5,2,fed_mutual,1,38,2,0.2558,6.449704647064209,0,0,0
cifar10,CNN1,none,5,2,fed_mutual,1,38,3,0.3141,3.940129280090332,0,0,0
cifar10,CNN1,none,5,2,fed_mutual,1,38,4,0.3477,4.208502769470215,0,0,0
cifar10,CNN1,none,5,2,fed_mutual,1,39,0,0.3362,4.632272720336914,0,0,0
cifar10,CNN1,none,5,2,fed_mutual,1,39,1,0.3274,5.088820457458496,0,0,0
cifar10,CNN1,none,5,2,fed_mutual,1,39,2,0.2508,6.443297863006592,0,0,0
cifar10,CNN1,none,5,2,fed_mutual,1,39,3,0.3096,4.030712604522705,0,0,0
cifar10,CNN1,none,5,2,fed_mutual,1,39,4,0.3444,4.000372409820557,0,0,0
cifar10,CNN1,none,5,2,fed_mutual,1,40,0,0.33770000000000006,4.747782230377197,0,0,0
cifar10,CNN1,none,5,2,fed_mutual,1,40,1,0.3292,4.813939094543457,0,0,0
cifar10,CNN1,none,5,2,fed_mutual,1,40,2,0.24789999999999998,6.624721050262451,0,0,0
cifar10,CNN1,none,5,2,fed_mutual,1,40,3,0.3136,3.8691771030426025,0,0,0
cifar10,CNN1,none,5,2,fed_mutual,1,40,4,0.34009999999999996,4.004297256469727,0,0,0
cifar10,CNN1,none,5,2,fed_mutual,1,41,0,0.3405,4.6981401443481445,0,0,0
cifar10,CNN1,none,5,2,fed_mutual,1,41,1,0.32800000000000007,5.02861213684082,0,0,0
cifar10,CNN1,none,5,2,fed_mutual,1,41,2,0.2407,6.806577205657959,0,0,0
cifar10,CNN1,none,5,2,fed_mutual,1,41,3,0.3088,4.112385272979736,0,0,0
cifar10,CNN1,none,5,2,fed_mutual,1,41,4,0.34990000000000004,4.102156639099121,0,0,0
cifar10,CNN1,none,5,2,fed_mutual,1,42,0,0.3385,4.514938831329346,0,0,0
cifar10,CNN1,none,5,2,fed_mutual,1,42,1,0.3264,4.895413875579834,0,0,0
cifar10,CNN1,none,5,2,fed_mutual,1,42,2,0.2614,6.419680595397949,0,0,0
cifar10,CNN1,none,5,2,fed_mutual,1,42,3,0.3155,3.9361042976379395,0,0,0
cifar10,CNN1,none,5,2,fed_mutual,1,42,4,0.3514,3.5886383056640625,0,0,0
cifar10,CNN1,none,5,2,fed_mutual,1,43,0,0.3393,4.777303695678711,0,0,0
cifar10,CNN1,none,5,2,fed_mutual,1,43,1,0.32800000000000007,5.2105536460876465,0,0,0
cifar10,CNN1,none,5,2,fed_mutual,1,43,2,0.2589,6.279350757598877,0,0,0
cifar10,CNN1,none,5,2,fed_mutual,1,43,3,0.2972,3.891221523284912,0,0,0
cifar10,CNN1,none,5,2,fed_mutual,1,43,4,0.3531,4.006462574005127,0,0,0
cifar10,CNN1,none,5,2,fed_mutual,1,44,0,0.342,4.397543907165527,0,0,0
cifar10,CNN1,none,5,2,fed_mutual,1,44,1,0.331,5.135788440704346,0,0,0
cifar10,CNN1,none,5,2,fed_mutual,1,44,2,0.262,6.265871524810791,0,0,0
cifar10,CNN1,none,5,2,fed_mutual,1,44,3,0.3027,4.174167633056641,0,0,0
cifar10,CNN1,none,5,2,fed_mutual,1,44,4,0.3552,3.7615528106689453,0,0,0
cifar10,CNN1,none,5,2,fed_mutual,1,45,0,0.3379,4.8302001953125,0,0,0
cifar10,CNN1,none,5,2,fed_mutual,1,45,1,0.3225,5.023446083068848,0,0,0
cifar10,CNN1,none,5,2,fed_mutual,1,45,2,0.2605,6.455648899078369,0,0,0
cifar10,CNN1,none,5,2,fed_mutual,1,45,3,0.3129,4.050076961517334,0,0,0
cifar10,CNN1,none,5,2,fed_mutual,1,45,4,0.3509,4.055730819702148,0,0,0
cifar10,CNN1,none,5,2,fed_mutual,1,46,0,0.3411,4.470032215118408,0,0,0
cifar10,CNN1,none,5,2,fed_mutual,1,46,1,0.3285,5.08329963684082,0,0,0
cifar10,CNN1,none,5,2,fed_mutual,1,46,2,0.2561,6.634004592895508,0,0,0
cifar10,CNN1,none,5,2,fed_mutual,1,46,3,0.3124,4.1046366691589355,0,0,0
cifar10,CNN1,none,5,2,fed_mutual,1,46,4,0.3538,3.6782000064849854,0,0,0
cifar10,CNN1,none,5,2,fed_mutual,1,47,0,0.3397,4.49915885925293,0,0,0
cifar10,CNN1,none,5,2,fed_mutual,1,47,1,0.3309,5.0691118240356445,0,0,0
cifar10,CNN1,none,5,2,fed_mutual,1,47,2,0.2557,7.013386249542236,0,0,0
cifar10,CNN1,none,5,2,fed_mutual,1,47,3,0.3162,4.3262715339660645,0,0,0
cifar10,CNN1,none,5,2,fed_mutual,1,47,4,0.3491,4.0477776527404785,0,0,0
cifar10,CNN1,none,5,2,fed_mutual,1,48,0,0.3371,4.472275257110596,0,0,0
cifar10,CNN1,none,5,2,fed_mutual,1,48,1,0.3286,5.034511566162109,0,0,0
cifar10,CNN1,none,5,2,fed_mutual,1,48,2,0.2536,5.940942764282227,0,0,0
cifar10,CNN1,none,5,2,fed_mutual,1,48,3,0.3126,3.9793238639831543,0,0,0
cifar10,CNN1,none,5,2,fed_mutual,1,48,4,0.34619999999999995,4.0674543380737305,0,0,0
cifar10,CNN1,none,5,2,fed_mutual,1,49,0,0.3416,4.814646244049072,0,0,0
cifar10,CNN1,none,5,2,fed_mutual,1,49,1,0.3319,4.915579795837402,0,0,0
cifar10,CNN1,none,5,2,fed_mutual,1,49,2,0.2634,6.607812881469727,0,0,0
cifar10,CNN1,none,5,2,fed_mutual,1,49,3,0.3163,4.001443862915039,0,0,0
cifar10,CNN1,none,5,2,fed_mutual,1,49,4,0.34630000000000005,4.083520889282227,0,0,0
cifar10,CNN1,none,5,2,fed_mutual,1,50,0,0.3422,4.620223522186279,0,0,0
cifar10,CNN1,none,5,2,fed_mutual,1,50,1,0.3268,5.337074279785156,0,0,0
cifar10,CNN1,none,5,2,fed_mutual,1,50,2,0.2626,6.526805400848389,0,0,0
cifar10,CNN1,none,5,2,fed_mutual,1,50,3,0.3149,4.10148811340332,0,0,0
cifar10,CNN1,none,5,2,fed_mutual,1,50,4,0.349,4.079540729522705,0,0,0
cifar10,CNN1,none,5,2,fed_mutual,1,51,0,0.34,4.807882785797119,0,0,0
cifar10,CNN1,none,5,2,fed_mutual,1,51,1,0.32789999999999997,5.14924430847168,0,0,0
cifar10,CNN1,none,5,2,fed_mutual,1,51,2,0.2591,6.384423732757568,0,0,0
cifar10,CNN1,none,5,2,fed_mutual,1,51,3,0.3136,4.143226623535156,0,0,0
cifar10,CNN1,none,5,2,fed_mutual,1,51,4,0.35600000000000004,3.7918477058410645,0,0,0
cifar10,CNN1,none,5,2,fed_mutual,1,52,0,0.3416,4.502080917358398,0,0,0
cifar10,CNN1,none,5,2,fed_mutual,1,52,1,0.3289,4.962656021118164,0,0,0
cifar10,CNN1,none,5,2,fed_mutual,1,52,2,0.2587,6.5129475593566895,0,0,0
cifar10,CNN1,none,5,2,fed_mutual,1,52,3,0.317,4.069821834564209,0,0,0
cifar10,CNN1,none,5,2,fed_mutual,1,52,4,0.3549,3.705829620361328,0,0,0
cifar10,CNN1,none,5,2,fed_mutual,1,53,0,0.3403,4.387918472290039,0,0,0
cifar10,CNN1,none,5,2,fed_mutual,1,53,1,0.3311,4.746804714202881,0,0,0
cifar10,CNN1,none,5,2,fed_mutual,1,53,2,0.2578,6.385326862335205,0,0,0
cifar10,CNN1,none,5,2,fed_mutual,1,53,3,0.3175,3.9084157943725586,0,0,0
cifar10,CNN1,none,5,2,fed_mutual,1,53,4,0.3557,3.922445297241211,0,0,0
cifar10,CNN1,none,5,2,fed_mutual,1,54,0,0.3411,4.483526706695557,0,0,0
cifar10,CNN1,none,5,2,fed_mutual,1,54,1,0.3292,5.297279357910156,0,0,0
cifar10,CNN1,none,5,2,fed_mutual,1,54,2,0.2547,6.665533065795898,0,0,0
cifar10,CNN1,none,5,2,fed_mutual,1,54,3,0.3139,4.123357772827148,0,0,0
cifar10,CNN1,none,5,2,fed_mutual,1,54,4,0.3479,4.214070796966553,0,0,0
cifar10,CNN1,none,5,2,fed_mutual,1,55,0,0.34119999999999995,4.9537811279296875,0,0,0
cifar10,CNN1,none,5,2,fed_mutual,1,55,1,0.3282,5.212308406829834,0,0,0
cifar10,CNN1,none,5,2,fed_mutual,1,55,2,0.2579,6.225236892700195,0,0,0
cifar10,CNN1,none,5,2,fed_mutual,1,55,3,0.3148,3.8671276569366455,0,0,0
cifar10,CNN1,none,5,2,fed_mutual,1,55,4,0.36700000000000005,3.7186145782470703,0,0,0
cifar10,CNN1,none,5,2,fed_mutual,1,56,0,0.3379,4.71119499206543,0,0,0
cifar10,CNN1,none,5,2,fed_mutual,1,56,1,0.3301,4.708755970001221,0,0,0
cifar10,CNN1,none,5,2,fed_mutual,1,56,2,0.2647,6.4641008377075195,0,0,0
cifar10,CNN1,none,5,2,fed_mutual,1,56,3,0.3129,4.440289497375488,0,0,0
cifar10,CNN1,none,5,2,fed_mutual,1,56,4,0.3517,4.007694244384766,0,0,0
cifar10,CNN1,none,5,2,fed_mutual,1,57,0,0.3392,4.720224857330322,0,0,0
cifar10,CNN1,none,5,2,fed_mutual,1,57,1,0.32910000000000006,5.199574947357178,0,0,0
cifar10,CNN1,none,5,2,fed_mutual,1,57,2,0.252,6.4231157302856445,0,0,0
cifar10,CNN1,none,5,2,fed_mutual,1,57,3,0.3013,4.265040874481201,0,0,0
cifar10,CNN1,none,5,2,fed_mutual,1,57,4,0.35350000000000004,4.0533013343811035,0,0,0
cifar10,CNN1,none,5,2,fed_mutual,1,58,0,0.33759999999999996,4.655343055725098,0,0,0
cifar10,CNN1,none,5,2,fed_mutual,1,58,1,0.3343,4.958711624145508,0,0,0
cifar10,CNN1,none,5,2,fed_mutual,1,58,2,0.2582,6.260199069976807,0,0,0
cifar10,CNN1,none,5,2,fed_mutual,1,58,3,0.3115,4.220767974853516,0,0,0
cifar10,CNN1,none,5,2,fed_mutual,1,58,4,0.359,3.816911220550537,0,0,0
cifar10,CNN1,none,5,2,fed_mutual,1,59,0,0.3383,4.700372695922852,0,0,0
cifar10,CNN1,none,5,2,fed_mutual,1,59,1,0.3301,5.138026237487793,0,0,0
cifar10,CNN1,none,5,2,fed_mutual,1,59,2,0.2608,6.838250637054443,0,0,0
cifar10,CNN1,none,5,2,fed_mutual,1,59,3,0.3148,4.258175849914551,0,0,0
cifar10,CNN1,none,5,2,fed_mutual,1,59,4,0.3489,4.323101997375488,0,0,0
cifar10,CNN1,none,5,2,fed_mutual,1,60,0,0.3304000000000001,4.725841999053955,0,0,0
cifar10,CNN1,none,5,2,fed_mutual,1,60,1,0.32409999999999994,5.229949474334717,0,0,0
cifar10,CNN1,none,5,2,fed_mutual,1,60,2,0.2457,6.423527240753174,0,0,0
cifar10,CNN1,none,5,2,fed_mutual,1,60,3,0.3129,4.300403118133545,0,0,0
cifar10,CNN1,none,5,2,fed_mutual,1,60,4,0.3502,4.122395038604736,0,0,0
cifar10,CNN1,none,5,2,fed_mutual,1,61,0,0.34,4.692273139953613,0,0,0
cifar10,CNN1,none,5,2,fed_mutual,1,61,1,0.3319,4.6858649253845215,0,0,0
cifar10,CNN1,none,5,2,fed_mutual,1,61,2,0.2624,6.750859260559082,0,0,0
cifar10,CNN1,none,5,2,fed_mutual,1,61,3,0.3146,4.264223575592041,0,0,0
cifar10,CNN1,none,5,2,fed_mutual,1,61,4,0.3538,3.9738781452178955,0,0,0
cifar10,CNN1,none,5,2,fed_mutual,1,62,0,0.34020000000000006,4.979913234710693,0,0,0
cifar10,CNN1,none,5,2,fed_mutual,1,62,1,0.32910000000000006,4.698545932769775,0,0,0
cifar10,CNN1,none,5,2,fed_mutual,1,62,2,0.2564,6.79591178894043,0,0,0
cifar10,CNN1,none,5,2,fed_mutual,1,62,3,0.3166,4.112381935119629,0,0,0
cifar10,CNN1,none,5,2,fed_mutual,1,62,4,0.347,4.183075904846191,0,0,0
cifar10,CNN1,none,5,2,fed_mutual,1,63,0,0.3417,4.870217323303223,0,0,0
cifar10,CNN1,none,5,2,fed_mutual,1,63,1,0.33140000000000003,4.844351768493652,0,0,0
cifar10,CNN1,none,5,2,fed_mutual,1,63,2,0.2619,6.841040134429932,0,0,0
cifar10,CNN1,none,5,2,fed_mutual,1,63,3,0.3166,4.335731506347656,0,0,0
cifar10,CNN1,none,5,2,fed_mutual,1,63,4,0.35600000000000004,3.9979770183563232,0,0,0
cifar10,CNN1,none,5,2,fed_mutual,1,64,0,0.3414,4.444375514984131,0,0,0
cifar10,CNN1,none,5,2,fed_mutual,1,64,1,0.3307,4.983128547668457,0,0,0
cifar10,CNN1,none,5,2,fed_mutual,1,64,2,0.2624,6.6444597244262695,0,0,0
cifar10,CNN1,none,5,2,fed_mutual,1,64,3,0.3142,4.326984882354736,0,0,0
cifar10,CNN1,none,5,2,fed_mutual,1,64,4,0.3577,4.192469596862793,0,0,0
cifar10,CNN1,none,5,2,fed_mutual,1,65,0,0.34380000000000005,4.6381940841674805,0,0,0
cifar10,CNN1,none,5,2,fed_mutual,1,65,1,0.3328,5.19688081741333,0,0,0
cifar10,CNN1,none,5,2,fed_mutual,1,65,2,0.2644,6.339420795440674,0,0,0
cifar10,CNN1,none,5,2,fed_mutual,1,65,3,0.3162,4.203221797943115,0,0,0
cifar10,CNN1,none,5,2,fed_mutual,1,65,4,0.35960000000000003,3.8420021533966064,0,0,0
cifar10,CNN1,none,5,2,fed_mutual,1,66,0,0.343,4.767268180847168,0,0,0
cifar10,CNN1,none,5,2,fed_mutual,1,66,1,0.33129999999999993,5.030660152435303,0,0,0
cifar10,CNN1,none,5,2,fed_mutual,1,66,2,0.2604,6.360388278961182,0,0,0
cifar10,CNN1,none,5,2,fed_mutual,1,66,3,0.3185,4.100109577178955,0,0,0
cifar10,CNN1,none,5,2,fed_mutual,1,66,4,0.3557,3.839406967163086,0,0,0
cifar10,CNN1,none,5,2,fed_mutual,1,67,0,0.3414,4.642965316772461,0,0,0
cifar10,CNN1,none,5,2,fed_mutual,1,67,1,0.32910000000000006,5.208320617675781,0,0,0
cifar10,CNN1,none,5,2,fed_mutual,1,67,2,0.258,6.091680526733398,0,0,0
cifar10,CNN1,none,5,2,fed_mutual,1,67,3,0.3214,4.130063533782959,0,0,0
cifar10,CNN1,none,5,2,fed_mutual,1,67,4,0.3521,4.170125961303711,0,0,0
cifar10,CNN1,none,5,2,fed_mutual,1,68,0,0.3403,4.51551628112793,0,0,0
cifar10,CNN1,none,5,2,fed_mutual,1,68,1,0.3312,5.0777459144592285,0,0,0
cifar10,CNN1,none,5,2,fed_mutual,1,68,2,0.2625,6.270859718322754,0,0,0
cifar10,CNN1,none,5,2,fed_mutual,1,68,3,0.3054,4.41921854019165,0,0,0
cifar10,CNN1,none,5,2,fed_mutual,1,68,4,0.354,3.9000236988067627,0,0,0
cifar10,CNN1,none,5,2,fed_mutual,1,69,0,0.3389,4.348114013671875,0,0,0
cifar10,CNN1,none,5,2,fed_mutual,1,69,1,0.3294,5.13521671295166,0,0,0
cifar10,CNN1,none,5,2,fed_mutual,1,69,2,0.265,6.585178852081299,0,0,0
cifar10,CNN1,none,5,2,fed_mutual,1,69,3,0.3226,4.177314281463623,0,0,0
cifar10,CNN1,none,5,2,fed_mutual,1,69,4,0.3577,4.0533599853515625,0,0,0
cifar10,CNN1,none,5,2,fed_mutual,1,70,0,0.34,4.52703332901001,0,0,0
cifar10,CNN1,none,5,2,fed_mutual,1,70,1,0.3264,5.219897270202637,0,0,0
cifar10,CNN1,none,5,2,fed_mutual,1,70,2,0.2545,6.495358467102051,0,0,0
cifar10,CNN1,none,5,2,fed_mutual,1,70,3,0.3158,3.9434120655059814,0,0,0
cifar10,CNN1,none,5,2,fed_mutual,1,70,4,0.3541,3.960336208343506,0,0,0
cifar10,CNN1,none,5,2,fed_mutual,1,71,0,0.3433,4.54628849029541,0,0,0
cifar10,CNN1,none,5,2,fed_mutual,1,71,1,0.3336,5.1613688468933105,0,0,0
cifar10,CNN1,none,5,2,fed_mutual,1,71,2,0.2585,6.4939961433410645,0,0,0
cifar10,CNN1,none,5,2,fed_mutual,1,71,3,0.3176,4.48094367980957,0,0,0
cifar10,CNN1,none,5,2,fed_mutual,1,71,4,0.3575,3.9643442630767822,0,0,0
cifar10,CNN1,none,5,2,fed_mutual,1,72,0,0.341,4.762968063354492,0,0,0
cifar10,CNN1,none,5,2,fed_mutual,1,72,1,0.3319,4.889235019683838,0,0,0
cifar10,CNN1,none,5,2,fed_mutual,1,72,2,0.2636,6.4356207847595215,0,0,0
cifar10,CNN1,none,5,2,fed_mutual,1,72,3,0.3202,4.2458109855651855,0,0,0
cifar10,CNN1,none,5,2,fed_mutual,1,72,4,0.3614,3.8706109523773193,0,0,0
cifar10,CNN1,none,5,2,fed_mutual,1,73,0,0.34630000000000005,4.122920036315918,0,0,0
cifar10,CNN1,none,5,2,fed_mutual,1,73,1,0.3372,4.864467620849609,0,0,0
cifar10,CNN1,none,5,2,fed_mutual,1,73,2,0.2557,6.977506160736084,0,0,0
cifar10,CNN1,none,5,2,fed_mutual,1,73,3,0.3162,4.127739429473877,0,0,0
cifar10,CNN1,none,5,2,fed_mutual,1,73,4,0.358,3.9904603958129883,0,0,0
cifar10,CNN1,none,5,2,fed_mutual,1,74,0,0.3343,4.835964202880859,0,0,0
cifar10,CNN1,none,5,2,fed_mutual,1,74,1,0.3371,4.908481597900391,0,0,0
cifar10,CNN1,none,5,2,fed_mutual,1,74,2,0.2593,5.985917568206787,0,0,0
cifar10,CNN1,none,5,2,fed_mutual,1,74,3,0.319,4.460107803344727,0,0,0
cifar10,CNN1,none,5,2,fed_mutual,1,74,4,0.3592,3.8685357570648193,0,0,0
cifar10,CNN1,none,5,2,fed_mutual,1,75,0,0.34,4.380870819091797,0,0,0
cifar10,CNN1,none,5,2,fed_mutual,1,75,1,0.32910000000000006,5.171724319458008,0,0,0
cifar10,CNN1,none,5,2,fed_mutual,1,75,2,0.2586,6.410475730895996,0,0,0
cifar10,CNN1,none,5,2,fed_mutual,1,75,3,0.3167,4.166497230529785,0,0,0
cifar10,CNN1,none,5,2,fed_mutual,1,75,4,0.3594,3.800574779510498,0,0,0
cifar10,CNN1,none,5,2,fed_mutual,1,76,0,0.3372,4.677403926849365,0,0,0
cifar10,CNN1,none,5,2,fed_mutual,1,76,1,0.32789999999999997,4.824438095092773,0,0,0
cifar10,CNN1,none,5,2,fed_mutual,1,76,2,0.2571,6.6382832527160645,0,0,0
cifar10,CNN1,none,5,2,fed_mutual,1,76,3,0.3168,4.215652942657471,0,0,0
cifar10,CNN1,none,5,2,fed_mutual,1,76,4,0.35960000000000003,3.895359516143799,0,0,0
cifar10,CNN1,none,5,2,fed_mutual,1,77,0,0.3419,4.696907997131348,0,0,0
cifar10,CNN1,none,5,2,fed_mutual,1,77,1,0.33390000000000003,5.371648788452148,0,0,0
cifar10,CNN1,none,5,2,fed_mutual,1,77,2,0.2623,6.700457572937012,0,0,0
cifar10,CNN1,none,5,2,fed_mutual,1,77,3,0.3185,4.122350692749023,0,0,0
cifar10,CNN1,none,5,2,fed_mutual,1,77,4,0.3578,3.9020652770996094,0,0,0
cifar10,CNN1,none,5,2,fed_mutual,1,78,0,0.3367,4.730448246002197,0,0,0
cifar10,CNN1,none,5,2,fed_mutual,1,78,1,0.3326,5.001992225646973,0,0,0
cifar10,CNN1,none,5,2,fed_mutual,1,78,2,0.2607,6.761714458465576,0,0,0
cifar10,CNN1,none,5,2,fed_mutual,1,78,3,0.3202,4.087883472442627,0,0,0
cifar10,CNN1,none,5,2,fed_mutual,1,78,4,0.3542,4.082767009735107,0,0,0
cifar10,CNN1,none,5,2,fed_mutual,1,79,0,0.3442,4.777887344360352,0,0,0
cifar10,CNN1,none,5,2,fed_mutual,1,79,1,0.33509999999999995,4.870568752288818,0,0,0
cifar10,CNN1,none,5,2,fed_mutual,1,79,2,0.2596,6.162252426147461,0,0,0
cifar10,CNN1,none,5,2,fed_mutual,1,79,3,0.3195,4.261964321136475,0,0,0
cifar10,CNN1,none,5,2,fed_mutual,1,79,4,0.3529,4.012942790985107,0,0,0
cifar10,CNN1,none,5,2,fed_mutual,1,80,0,0.3403,4.994406700134277,0,0,0
cifar10,CNN1,none,5,2,fed_mutual,1,80,1,0.33399999999999996,5.060657501220703,0,0,0
cifar10,CNN1,none,5,2,fed_mutual,1,80,2,0.2588,6.529062747955322,0,0,0
cifar10,CNN1,none,5,2,fed_mutual,1,80,3,0.3222,3.9513988494873047,0,0,0
cifar10,CNN1,none,5,2,fed_mutual,1,80,4,0.3552,4.200319766998291,0,0,0
cifar10,CNN1,none,5,2,fed_mutual,1,81,0,0.3442,4.481813430786133,0,0,0
cifar10,CNN1,none,5,2,fed_mutual,1,81,1,0.3305,5.270357608795166,0,0,0
cifar10,CNN1,none,5,2,fed_mutual,1,81,2,0.2561,6.3479204177856445,0,0,0
cifar10,CNN1,none,5,2,fed_mutual,1,81,3,0.3137,4.59946346282959,0,0,0
cifar10,CNN1,none,5,2,fed_mutual,1,81,4,0.34990000000000004,4.248096466064453,0,0,0
cifar10,CNN1,none,5,2,fed_mutual,1,82,0,0.3467,4.627645969390869,0,0,0
cifar10,CNN1,none,5,2,fed_mutual,1,82,1,0.3333,5.09617280960083,0,0,0
cifar10,CNN1,none,5,2,fed_mutual,1,82,2,0.263,7.0269694328308105,0,0,0
cifar10,CNN1,none,5,2,fed_mutual,1,82,3,0.3171,3.8582096099853516,0,0,0
cifar10,CNN1,none,5,2,fed_mutual,1,82,4,0.35839999999999994,4.018035411834717,0,0,0
cifar10,CNN1,none,5,2,fed_mutual,1,83,0,0.34369999999999995,4.811246395111084,0,0,0
cifar10,CNN1,none,5,2,fed_mutual,1,83,1,0.3307,5.4323320388793945,0,0,0
cifar10,CNN1,none,5,2,fed_mutual,1,83,2,0.2498,6.691308975219727,0,0,0
cifar10,CNN1,none,5,2,fed_mutual,1,83,3,0.3207,4.1217474937438965,0,0,0
cifar10,CNN1,none,5,2,fed_mutual,1,83,4,0.35960000000000003,3.9796645641326904,0,0,0
cifar10,CNN1,none,5,2,fed_mutual,1,84,0,0.3409,4.605764865875244,0,0,0
cifar10,CNN1,none,5,2,fed_mutual,1,84,1,0.335,5.102456569671631,0,0,0
cifar10,CNN1,none,5,2,fed_mutual,1,84,2,0.2639,6.552220821380615,0,0,0
cifar10,CNN1,none,5,2,fed_mutual,1,84,3,0.32289999999999996,4.1129374504089355,0,0,0
cifar10,CNN1,none,5,2,fed_mutual,1,84,4,0.3611,3.822659730911255,0,0,0
cifar10,CNN1,none,5,2,fed_mutual,1,85,0,0.3444,4.929066181182861,0,0,0
cifar10,CNN1,none,5,2,fed_mutual,1,85,1,0.3319,4.972338676452637,0,0,0
cifar10,CNN1,none,5,2,fed_mutual,1,85,2,0.2602,6.479586124420166,0,0,0
cifar10,CNN1,none,5,2,fed_mutual,1,85,3,0.3158,4.275514602661133,0,0,0
cifar10,CNN1,none,5,2,fed_mutual,1,85,4,0.3508,4.154593467712402,0,0,0
cifar10,CNN1,none,5,2,fed_mutual,1,86,0,0.3464,4.667569160461426,0,0,0
cifar10,CNN1,none,5,2,fed_mutual,1,86,1,0.3325,5.220616340637207,0,0,0
cifar10,CNN1,none,5,2,fed_mutual,1,86,2,0.2652,6.3243889808654785,0,0,0
cifar10,CNN1,none,5,2,fed_mutual,1,86,3,0.32,4.081454277038574,0,0,0
cifar10,CNN1,none,5,2,fed_mutual,1,86,4,0.3575,3.8263392448425293,0,0,0
cifar10,CNN1,none,5,2,fed_mutual,1,87,0,0.3416,4.6737213134765625,0,0,0
cifar10,CNN1,none,5,2,fed_mutual,1,87,1,0.3337,5.248306751251221,0,0,0
cifar10,CNN1,none,5,2,fed_mutual,1,87,2,0.2648,6.719930648803711,0,0,0
cifar10,CNN1,none,5,2,fed_mutual,1,87,3,0.3153,3.7575900554656982,0,0,0
cifar10,CNN1,none,5,2,fed_mutual,1,87,4,0.3556,3.945958375930786,0,0,0
cifar10,CNN1,none,5,2,fed_mutual,1,88,0,0.34380000000000005,4.758421897888184,0,0,0
cifar10,CNN1,none,5,2,fed_mutual,1,88,1,0.3359,5.170345306396484,0,0,0
cifar10,CNN1,none,5,2,fed_mutual,1,88,2,0.2586,6.137870788574219,0,0,0
cifar10,CNN1,none,5,2,fed_mutual,1,88,3,0.32,4.211887836456299,0,0,0
cifar10,CNN1,none,5,2,fed_mutual,1,88,4,0.357,4.02808141708374,0,0,0
cifar10,CNN1,none,5,2,fed_mutual,1,89,0,0.3336,4.808900356292725,0,0,0
cifar10,CNN1,none,5,2,fed_mutual,1,89,1,0.3367,4.93367862701416,0,0,0
cifar10,CNN1,none,5,2,fed_mutual,1,89,2,0.2518,6.123002052307129,0,0,0
cifar10,CNN1,none,5,2,fed_mutual,1,89,3,0.3213,3.9820363521575928,0,0,0
cifar10,CNN1,none,5,2,fed_mutual,1,89,4,0.3586,3.819655418395996,0,0,0
cifar10,CNN1,none,5,2,fed_mutual,1,90,0,0.3416,4.616123199462891,0,0,0
cifar10,CNN1,none,5,2,fed_mutual,1,90,1,0.3367,5.184340476989746,0,0,0
cifar10,CNN1,none,5,2,fed_mutual,1,90,2,0.2643,6.794736385345459,0,0,0
cifar10,CNN1,none,5,2,fed_mutual,1,90,3,0.3099,4.162752628326416,0,0,0
cifar10,CNN1,none,5,2,fed_mutual,1,90,4,0.3566,3.809091091156006,0,0,0
cifar10,CNN1,none,5,2,fed_mutual,1,91,0,0.3467,4.61572790145874,0,0,0
cifar10,CNN1,none,5,2,fed_mutual,1,91,1,0.3296,4.704878330230713,0,0,0
cifar10,CNN1,none,5,2,fed_mutual,1,91,2,0.2645,6.484983921051025,0,0,0
cifar10,CNN1,none,5,2,fed_mutual,1,91,3,0.3202999999999999,4.16063928604126,0,0,0
cifar10,CNN1,none,5,2,fed_mutual,1,91,4,0.3629,3.6903505325317383,0,0,0
cifar10,CNN1,none,5,2,fed_mutual,1,92,0,0.3408,4.796159744262695,0,0,0
cifar10,CNN1,none,5,2,fed_mutual,1,92,1,0.3373999999999999,4.898099899291992,0,0,0
cifar10,CNN1,none,5,2,fed_mutual,1,92,2,0.2615,5.682386875152588,0,0,0
cifar10,CNN1,none,5,2,fed_mutual,1,92,3,0.3213,4.020843029022217,0,0,0
cifar10,CNN1,none,5,2,fed_mutual,1,92,4,0.3606,4.067218780517578,0,0,0
cifar10,CNN1,none,5,2,fed_mutual,1,93,0,0.3433,4.584957122802734,0,0,0
cifar10,CNN1,none,5,2,fed_mutual,1,93,1,0.3323,4.974518299102783,0,0,0
cifar10,CNN1,none,5,2,fed_mutual,1,93,2,0.261,6.53853178024292,0,0,0
cifar10,CNN1,none,5,2,fed_mutual,1,93,3,0.3173,3.7387611865997314,0,0,0
cifar10,CNN1,none,5,2,fed_mutual,1,93,4,0.3574,3.9469118118286133,0,0,0
cifar10,CNN1,none,5,2,fed_mutual,1,94,0,0.3448,4.439931392669678,0,0,0
cifar10,CNN1,none,5,2,fed_mutual,1,94,1,0.3324,5.139106750488281,0,0,0
cifar10,CNN1,none,5,2,fed_mutual,1,94,2,0.264,6.32138204574585,0,0,0
cifar10,CNN1,none,5,2,fed_mutual,1,94,3,0.3182,4.248393535614014,0,0,0
cifar10,CNN1,none,5,2,fed_mutual,1,94,4,0.3501000000000001,4.069833755493164,0,0,0
cifar10,CNN1,none,5,2,fed_mutual,1,95,0,0.3425,4.745794296264648,0,0,0
cifar10,CNN1,none,5,2,fed_mutual,1,95,1,0.3294,5.210239410400391,0,0,0
cifar10,CNN1,none,5,2,fed_mutual,1,95,2,0.2624,6.146063804626465,0,0,0
cifar10,CNN1,none,5,2,fed_mutual,1,95,3,0.3209,3.8363046646118164,0,0,0
cifar10,CNN1,none,5,2,fed_mutual,1,95,4,0.36090000000000005,3.920315980911255,0,0,0
cifar10,CNN1,none,5,2,fed_mutual,1,96,0,0.3456,4.677798271179199,0,0,0
cifar10,CNN1,none,5,2,fed_mutual,1,96,1,0.33629999999999993,5.027632236480713,0,0,0
cifar10,CNN1,none,5,2,fed_mutual,1,96,2,0.2618,6.770771503448486,0,0,0
cifar10,CNN1,none,5,2,fed_mutual,1,96,3,0.3155,3.8840179443359375,0,0,0
cifar10,CNN1,none,5,2,fed_mutual,1,96,4,0.3565,3.995863914489746,0,0,0
cifar10,CNN1,none,5,2,fed_mutual,1,97,0,0.3431,4.6985578536987305,0,0,0
cifar10,CNN1,none,5,2,fed_mutual,1,97,1,0.3346,5.080780506134033,0,0,0
cifar10,CNN1,none,5,2,fed_mutual,1,97,2,0.2649,6.54901123046875,0,0,0
cifar10,CNN1,none,5,2,fed_mutual,1,97,3,0.3233,4.119716644287109,0,0,0
cifar10,CNN1,none,5,2,fed_mutual,1,97,4,0.358,4.139296531677246,0,0,0
cifar10,CNN1,none,5,2,fed_mutual,1,98,0,0.3389,4.627738952636719,0,0,0
cifar10,CNN1,none,5,2,fed_mutual,1,98,1,0.33140000000000003,5.031985759735107,0,0,0
cifar10,CNN1,none,5,2,fed_mutual,1,98,2,0.2637,6.281604766845703,0,0,0
cifar10,CNN1,none,5,2,fed_mutual,1,98,3,0.3145,3.9389965534210205,0,0,0
cifar10,CNN1,none,5,2,fed_mutual,1,98,4,0.3557,4.182071685791016,0,0,0
cifar10,CNN1,none,5,2,fed_mutual,1,99,0,0.3428,4.328591346740723,0,0,0
cifar10,CNN1,none,5,2,fed_mutual,1,99,1,0.3359,5.065333366394043,0,0,0
cifar10,CNN1,none,5,2,fed_mutual,1,99,2,0.2622,5.874027729034424,0,0,0
cifar10,CNN1,none,5,2,fed_mutual,1,99,3,0.3235,3.898130416870117,0,0,0
cifar10,CNN1,none,5,2,fed_mutual,1,99,4,0.3549,4.232916831970215,0,0,0
cifar10,CNN1,none,5,2,fed_mutual,1,100,0,0.3453,4.6719255447387695,0,0,0
cifar10,CNN1,none,5,2,fed_mutual,1,100,1,0.3344,4.944037437438965,0,0,0
cifar10,CNN1,none,5,2,fed_mutual,1,100,2,0.2639,6.060589790344238,0,0,0
cifar10,CNN1,none,5,2,fed_mutual,1,100,3,0.3153,4.288309574127197,0,0,0
cifar10,CNN1,none,5,2,fed_mutual,1,100,4,0.35980000000000006,3.9987828731536865,0,0,0
cifar10,CNN1,none,5,2,fed_mutual,1,101,0,0.3456,4.693165302276611,0,0,0
cifar10,CNN1,none,5,2,fed_mutual,1,101,1,0.3353,5.055553913116455,0,0,0
cifar10,CNN1,none,5,2,fed_mutual,1,101,2,0.2596,6.542633056640625,0,0,0
cifar10,CNN1,none,5,2,fed_mutual,1,101,3,0.3168,3.954486131668091,0,0,0
cifar10,CNN1,none,5,2,fed_mutual,1,101,4,0.3586,4.02145528793335,0,0,0
cifar10,CNN1,none,5,2,fed_mutual,1,102,0,0.3444,4.456564903259277,0,0,0
cifar10,CNN1,none,5,2,fed_mutual,1,102,1,0.3337,5.026082992553711,0,0,0
cifar10,CNN1,none,5,2,fed_mutual,1,102,2,0.2591,6.5379533767700195,0,0,0
cifar10,CNN1,none,5,2,fed_mutual,1,102,3,0.3199,3.930220603942871,0,0,0
cifar10,CNN1,none,5,2,fed_mutual,1,102,4,0.3635,3.894840717315674,0,0,0
cifar10,CNN1,none,5,2,fed_mutual,1,103,0,0.3448,5.020780086517334,0,0,0
cifar10,CNN1,none,5,2,fed_mutual,1,103,1,0.3371,5.335620880126953,0,0,0
cifar10,CNN1,none,5,2,fed_mutual,1,103,2,0.2578,6.252102375030518,0,0,0
cifar10,CNN1,none,5,2,fed_mutual,1,103,3,0.3196,4.162164211273193,0,0,0
cifar10,CNN1,none,5,2,fed_mutual,1,103,4,0.3503,4.053738117218018,0,0,0
cifar10,CNN1,none,5,2,fed_mutual,1,104,0,0.3457,4.665502548217773,0,0,0
cifar10,CNN1,none,5,2,fed_mutual,1,104,1,0.3337,5.0702738761901855,0,0,0
cifar10,CNN1,none,5,2,fed_mutual,1,104,2,0.2667,6.395937442779541,0,0,0
cifar10,CNN1,none,5,2,fed_mutual,1,104,3,0.3175,4.251464366912842,0,0,0
cifar10,CNN1,none,5,2,fed_mutual,1,104,4,0.3627,3.735153913497925,0,0,0
cifar10,CNN1,none,5,2,fed_mutual,1,105,0,0.3468,4.894541263580322,0,0,0
cifar10,CNN1,none,5,2,fed_mutual,1,105,1,0.3358,4.985021591186523,0,0,0
cifar10,CNN1,none,5,2,fed_mutual,1,105,2,0.2649,6.70537805557251,0,0,0
cifar10,CNN1,none,5,2,fed_mutual,1,105,3,0.3195,4.323660850524902,0,0,0
cifar10,CNN1,none,5,2,fed_mutual,1,105,4,0.3628,3.828535318374634,0,0,0
cifar10,CNN1,none,5,2,fed_mutual,1,106,0,0.344,5.37498140335083,0,0,0
cifar10,CNN1,none,5,2,fed_mutual,1,106,1,0.3321,4.751035213470459,0,0,0
cifar10,CNN1,none,5,2,fed_mutual,1,106,2,0.2608,6.290248870849609,0,0,0
cifar10,CNN1,none,5,2,fed_mutual,1,106,3,0.3221,3.7981374263763428,0,0,0
cifar10,CNN1,none,5,2,fed_mutual,1,106,4,0.3547,3.8311564922332764,0,0,0
cifar10,CNN1,none,5,2,fed_mutual,1,107,0,0.3425,4.5776190757751465,0,0,0
cifar10,CNN1,none,5,2,fed_mutual,1,107,1,0.33640000000000003,4.882388591766357,0,0,0
cifar10,CNN1,none,5,2,fed_mutual,1,107,2,0.2654,6.506778717041016,0,0,0
cifar10,CNN1,none,5,2,fed_mutual,1,107,3,0.3159,4.252363681793213,0,0,0
cifar10,CNN1,none,5,2,fed_mutual,1,107,4,0.35980000000000006,3.949310779571533,0,0,0
cifar10,CNN1,none,5,2,fed_mutual,1,108,0,0.3392,4.688398838043213,0,0,0
cifar10,CNN1,none,5,2,fed_mutual,1,108,1,0.3373,4.9671478271484375,0,0,0
cifar10,CNN1,none,5,2,fed_mutual,1,108,2,0.2636,6.265737056732178,0,0,0
cifar10,CNN1,none,5,2,fed_mutual,1,108,3,0.32289999999999996,4.35189962387085,0,0,0
cifar10,CNN1,none,5,2,fed_mutual,1,108,4,0.35730000000000006,3.843703269958496,0,0,0
cifar10,CNN1,none,5,2,fed_mutual,1,109,0,0.3461,4.67812442779541,0,0,0
cifar10,CNN1,none,5,2,fed_mutual,1,109,1,0.33149999999999996,4.845919132232666,0,0,0
cifar10,CNN1,none,5,2,fed_mutual,1,109,2,0.2588,6.543863773345947,0,0,0
cifar10,CNN1,none,5,2,fed_mutual,1,109,3,0.3186,4.437000751495361,0,0,0
cifar10,CNN1,none,5,2,fed_mutual,1,109,4,0.352,4.1545023918151855,0,0,0
cifar10,CNN1,none,5,2,fed_mutual,1,110,0,0.3467,4.777770519256592,0,0,0
cifar10,CNN1,none,5,2,fed_mutual,1,110,1,0.333,5.078605651855469,0,0,0
cifar10,CNN1,none,5,2,fed_mutual,1,110,2,0.2525,6.4244890213012695,0,0,0
cifar10,CNN1,none,5,2,fed_mutual,1,110,3,0.3221,4.197272300720215,0,0,0
cifar10,CNN1,none,5,2,fed_mutual,1,110,4,0.3547,3.935458183288574,0,0,0
cifar10,CNN1,none,5,2,fed_mutual,1,111,0,0.3461,4.869162559509277,0,0,0
cifar10,CNN1,none,5,2,fed_mutual,1,111,1,0.3390000000000001,4.860337734222412,0,0,0
cifar10,CNN1,none,5,2,fed_mutual,1,111,2,0.2626,6.481062889099121,0,0,0
cifar10,CNN1,none,5,2,fed_mutual,1,111,3,0.319,4.4880571365356445,0,0,0
cifar10,CNN1,none,5,2,fed_mutual,1,111,4,0.3555,4.175722599029541,0,0,0
cifar10,CNN1,none,5,2,fed_mutual,1,112,0,0.3456,4.758021831512451,0,0,0
cifar10,CNN1,none,5,2,fed_mutual,1,112,1,0.32789999999999997,5.477004528045654,0,0,0
cifar10,CNN1,none,5,2,fed_mutual,1,112,2,0.2592,6.235212802886963,0,0,0
cifar10,CNN1,none,5,2,fed_mutual,1,112,3,0.3192,4.279751300811768,0,0,0
cifar10,CNN1,none,5,2,fed_mutual,1,112,4,0.359,3.8307294845581055,0,0,0
cifar10,CNN1,none,5,2,fed_mutual,1,113,0,0.3448,4.922089099884033,0,0,0
cifar10,CNN1,none,5,2,fed_mutual,1,113,1,0.336,4.95166015625,0,0,0
cifar10,CNN1,none,5,2,fed_mutual,1,113,2,0.2517,6.601681709289551,0,0,0
cifar10,CNN1,none,5,2,fed_mutual,1,113,3,0.3234,4.412224769592285,0,0,0
cifar10,CNN1,none,5,2,fed_mutual,1,113,4,0.35600000000000004,4.350550651550293,0,0,0
cifar10,CNN1,none,5,2,fed_mutual,1,114,0,0.345,4.838627815246582,0,0,0
cifar10,CNN1,none,5,2,fed_mutual,1,114,1,0.33269999999999994,4.792454242706299,0,0,0
cifar10,CNN1,none,5,2,fed_mutual,1,114,2,0.2589,7.2302117347717285,0,0,0
cifar10,CNN1,none,5,2,fed_mutual,1,114,3,0.3227,3.960630416870117,0,0,0
cifar10,CNN1,none,5,2,fed_mutual,1,114,4,0.3604,3.9121570587158203,0,0,0
cifar10,CNN1,none,5,2,fed_mutual,1,115,0,0.3448,4.48221492767334,0,0,0
cifar10,CNN1,none,5,2,fed_mutual,1,115,1,0.336,4.975137233734131,0,0,0
cifar10,CNN1,none,5,2,fed_mutual,1,115,2,0.2649,6.393008708953857,0,0,0
cifar10,CNN1,none,5,2,fed_mutual,1,115,3,0.3176,4.051251411437988,0,0,0
cifar10,CNN1,none,5,2,fed_mutual,1,115,4,0.35609999999999997,3.97082257270813,0,0,0
cifar10,CNN1,none,5,2,fed_mutual,1,116,0,0.3431,4.945155620574951,0,0,0
cifar10,CNN1,none,5,2,fed_mutual,1,116,1,0.3294,5.364461898803711,0,0,0
cifar10,CNN1,none,5,2,fed_mutual,1,116,2,0.2559,7.058846473693848,0,0,0
cifar10,CNN1,none,5,2,fed_mutual,1,116,3,0.31,4.275205135345459,0,0,0
cifar10,CNN1,none,5,2,fed_mutual,1,116,4,0.3614,3.8484385013580322,0,0,0
cifar10,CNN1,none,5,2,fed_mutual,1,117,0,0.347,4.650030612945557,0,0,0
cifar10,CNN1,none,5,2,fed_mutual,1,117,1,0.33640000000000003,4.973869800567627,0,0,0
cifar10,CNN1,none,5,2,fed_mutual,1,117,2,0.2659,6.329771995544434,0,0,0
cifar10,CNN1,none,5,2,fed_mutual,1,117,3,0.3178,4.00928258895874,0,0,0
cifar10,CNN1,none,5,2,fed_mutual,1,117,4,0.3607,4.093212127685547,0,0,0
cifar10,CNN1,none,5,2,fed_mutual,1,118,0,0.3395,4.774852752685547,0,0,0
cifar10,CNN1,none,5,2,fed_mutual,1,118,1,0.3396,4.857478141784668,0,0,0
cifar10,CNN1,none,5,2,fed_mutual,1,118,2,0.2525,6.315800666809082,0,0,0
cifar10,CNN1,none,5,2,fed_mutual,1,118,3,0.3248,4.081535816192627,0,0,0
cifar10,CNN1,none,5,2,fed_mutual,1,118,4,0.3616,3.8274216651916504,0,0,0
cifar10,CNN1,none,5,2,fed_mutual,1,119,0,0.3434,5.000866889953613,0,0,0
cifar10,CNN1,none,5,2,fed_mutual,1,119,1,0.3321,5.143917560577393,0,0,0
cifar10,CNN1,none,5,2,fed_mutual,1,119,2,0.262,6.683438777923584,0,0,0
cifar10,CNN1,none,5,2,fed_mutual,1,119,3,0.3061,4.271383285522461,0,0,0
cifar10,CNN1,none,5,2,fed_mutual,1,119,4,0.3544,4.098721504211426,0,0,0
cifar10,CNN1,none,5,2,fed_mutual,1,120,0,0.3461,4.612699508666992,0,0,0
cifar10,CNN1,none,5,2,fed_mutual,1,120,1,0.3346,5.282919406890869,0,0,0
cifar10,CNN1,none,5,2,fed_mutual,1,120,2,0.2627,6.745603084564209,0,0,0
cifar10,CNN1,none,5,2,fed_mutual,1,120,3,0.3227,4.074699878692627,0,0,0
cifar10,CNN1,none,5,2,fed_mutual,1,120,4,0.3576,4.096960067749023,0,0,0
cifar10,CNN1,none,5,2,fed_mutual,1,121,0,0.3448,4.761019706726074,0,0,0
cifar10,CNN1,none,5,2,fed_mutual,1,121,1,0.3357,5.048452854156494,0,0,0
cifar10,CNN1,none,5,2,fed_mutual,1,121,2,0.2596,6.0186920166015625,0,0,0
cifar10,CNN1,none,5,2,fed_mutual,1,121,3,0.3198,4.0797905921936035,0,0,0
cifar10,CNN1,none,5,2,fed_mutual,1,121,4,0.3587,4.122657775878906,0,0,0
cifar10,CNN1,none,5,2,fed_mutual,1,122,0,0.3476000000000001,4.5888495445251465,0,0,0
cifar10,CNN1,none,5,2,fed_mutual,1,122,1,0.3342,5.037581443786621,0,0,0
cifar10,CNN1,none,5,2,fed_mutual,1,122,2,0.2583,6.790040016174316,0,0,0
cifar10,CNN1,none,5,2,fed_mutual,1,122,3,0.3222,4.168630123138428,0,0,0
cifar10,CNN1,none,5,2,fed_mutual,1,122,4,0.35609999999999997,3.5143330097198486,0,0,0
cifar10,CNN1,none,5,2,fed_mutual,1,123,0,0.3441,4.809669494628906,0,0,0
cifar10,CNN1,none,5,2,fed_mutual,1,123,1,0.3358,4.907962799072266,0,0,0
cifar10,CNN1,none,5,2,fed_mutual,1,123,2,0.2584,6.598937511444092,0,0,0
cifar10,CNN1,none,5,2,fed_mutual,1,123,3,0.3192,3.9794397354125977,0,0,0
cifar10,CNN1,none,5,2,fed_mutual,1,123,4,0.3653,3.856631278991699,0,0,0
cifar10,CNN1,none,5,2,fed_mutual,1,124,0,0.3415000000000001,4.696920394897461,0,0,0
cifar10,CNN1,none,5,2,fed_mutual,1,124,1,0.3337,5.14082670211792,0,0,0
cifar10,CNN1,none,5,2,fed_mutual,1,124,2,0.2611,6.724123001098633,0,0,0
cifar10,CNN1,none,5,2,fed_mutual,1,124,3,0.3248,3.7259950637817383,0,0,0
cifar10,CNN1,none,5,2,fed_mutual,1,124,4,0.3625,4.018528461456299,0,0,0
cifar10,CNN1,none,5,2,fed_mutual,1,125,0,0.3452,4.594964027404785,0,0,0
cifar10,CNN1,none,5,2,fed_mutual,1,125,1,0.3308,4.975307941436768,0,0,0
cifar10,CNN1,none,5,2,fed_mutual,1,125,2,0.2617,6.497452259063721,0,0,0
cifar10,CNN1,none,5,2,fed_mutual,1,125,3,0.3202999999999999,4.277808666229248,0,0,0
cifar10,CNN1,none,5,2,fed_mutual,1,125,4,0.3579,4.146621227264404,0,0,0
cifar10,CNN1,none,5,2,fed_mutual,1,126,0,0.3394,4.719435214996338,0,0,0
cifar10,CNN1,none,5,2,fed_mutual,1,126,1,0.3335,4.721577167510986,0,0,0
cifar10,CNN1,none,5,2,fed_mutual,1,126,2,0.2619,6.781086444854736,0,0,0
cifar10,CNN1,none,5,2,fed_mutual,1,126,3,0.3178,3.992197275161743,0,0,0
cifar10,CNN1,none,5,2,fed_mutual,1,126,4,0.3592,3.906911849975586,0,0,0
cifar10,CNN1,none,5,2,fed_mutual,1,127,0,0.3477,4.80736780166626,0,0,0
cifar10,CNN1,none,5,2,fed_mutual,1,127,1,0.3353,4.796438694000244,0,0,0
cifar10,CNN1,none,5,2,fed_mutual,1,127,2,0.2663,6.35923957824707,0,0,0
cifar10,CNN1,none,5,2,fed_mutual,1,127,3,0.3226,4.059585094451904,0,0,0
cifar10,CNN1,none,5,2,fed_mutual,1,127,4,0.36449999999999994,3.9369568824768066,0,0,0
cifar10,CNN1,none,5,2,fed_mutual,1,128,0,0.3471,4.56388521194458,0,0,0
cifar10,CNN1,none,5,2,fed_mutual,1,128,1,0.33410000000000006,4.942305088043213,0,0,0
cifar10,CNN1,none,5,2,fed_mutual,1,128,2,0.2638,6.846183776855469,0,0,0
cifar10,CNN1,none,5,2,fed_mutual,1,128,3,0.3186,3.9076731204986572,0,0,0
cifar10,CNN1,none,5,2,fed_mutual,1,128,4,0.3553,3.9869370460510254,0,0,0
cifar10,CNN1,none,5,2,fed_mutual,1,129,0,0.3375,4.804197788238525,0,0,0
cifar10,CNN1,none,5,2,fed_mutual,1,129,1,0.3328,5.095739364624023,0,0,0
cifar10,CNN1,none,5,2,fed_mutual,1,129,2,0.2633,6.111875534057617,0,0,0
cifar10,CNN1,none,5,2,fed_mutual,1,129,3,0.32530000000000003,3.6427721977233887,0,0,0
cifar10,CNN1,none,5,2,fed_mutual,1,129,4,0.3568,3.6182734966278076,0,0,0
cifar10,CNN1,none,5,2,fed_mutual,1,130,0,0.3459,5.017553329467773,0,0,0
cifar10,CNN1,none,5,2,fed_mutual,1,130,1,0.3373,4.791447162628174,0,0,0
cifar10,CNN1,none,5,2,fed_mutual,1,130,2,0.2615,6.878669261932373,0,0,0
cifar10,CNN1,none,5,2,fed_mutual,1,130,3,0.321,4.022171974182129,0,0,0
cifar10,CNN1,none,5,2,fed_mutual,1,130,4,0.3593,3.9529895782470703,0,0,0
cifar10,CNN1,none,5,2,fed_mutual,1,131,0,0.3472,4.937235355377197,0,0,0
cifar10,CNN1,none,5,2,fed_mutual,1,131,1,0.3373999999999999,4.987770080566406,0,0,0
cifar10,CNN1,none,5,2,fed_mutual,1,131,2,0.2635,6.6574907302856445,0,0,0
cifar10,CNN1,none,5,2,fed_mutual,1,131,3,0.322,3.9745993614196777,0,0,0
cifar10,CNN1,none,5,2,fed_mutual,1,131,4,0.36329999999999996,3.843442678451538,0,0,0
cifar10,CNN1,none,5,2,fed_mutual,1,132,0,0.3448,5.086848735809326,0,0,0
cifar10,CNN1,none,5,2,fed_mutual,1,132,1,0.32910000000000006,5.144156455993652,0,0,0
cifar10,CNN1,none,5,2,fed_mutual,1,132,2,0.258,6.533104419708252,0,0,0
cifar10,CNN1,none,5,2,fed_mutual,1,132,3,0.3236,3.927194833755493,0,0,0
cifar10,CNN1,none,5,2,fed_mutual,1,132,4,0.3601,3.7445502281188965,0,0,0
cifar10,CNN1,none,5,2,fed_mutual,1,133,0,0.3434,4.781910419464111,0,0,0
cifar10,CNN1,none,5,2,fed_mutual,1,133,1,0.3396,5.0434393882751465,0,0,0
cifar10,CNN1,none,5,2,fed_mutual,1,133,2,0.263,6.034721374511719,0,0,0
cifar10,CNN1,none,5,2,fed_mutual,1,133,3,0.3211,3.793584108352661,0,0,0
cifar10,CNN1,none,5,2,fed_mutual,1,133,4,0.3604,3.894737720489502,0,0,0
cifar10,CNN1,none,5,2,fed_mutual,1,134,0,0.34619999999999995,4.5231122970581055,0,0,0
cifar10,CNN1,none,5,2,fed_mutual,1,134,1,0.3358,5.1277008056640625,0,0,0
cifar10,CNN1,none,5,2,fed_mutual,1,134,2,0.2625,6.497064113616943,0,0,0
cifar10,CNN1,none,5,2,fed_mutual,1,134,3,0.3222,4.055441379547119,0,0,0
cifar10,CNN1,none,5,2,fed_mutual,1,134,4,0.36210000000000003,3.8670272827148438,0,0,0
cifar10,CNN1,none,5,2,fed_mutual,1,135,0,0.3443,4.694421768188477,0,0,0
cifar10,CNN1,none,5,2,fed_mutual,1,135,1,0.3392,4.868509769439697,0,0,0
cifar10,CNN1,none,5,2,fed_mutual,1,135,2,0.2537,6.599239349365234,0,0,0
cifar10,CNN1,none,5,2,fed_mutual,1,135,3,0.3261,3.822209358215332,0,0,0
cifar10,CNN1,none,5,2,fed_mutual,1,135,4,0.3592,4.05647611618042,0,0,0
cifar10,CNN1,none,5,2,fed_mutual,1,136,0,0.34009999999999996,4.734408378601074,0,0,0
cifar10,CNN1,none,5,2,fed_mutual,1,136,1,0.3232,5.318938732147217,0,0,0
cifar10,CNN1,none,5,2,fed_mutual,1,136,2,0.2571,6.965307712554932,0,0,0
cifar10,CNN1,none,5,2,fed_mutual,1,136,3,0.3202999999999999,4.086213111877441,0,0,0
cifar10,CNN1,none,5,2,fed_mutual,1,136,4,0.3627,3.9113292694091797,0,0,0
cifar10,CNN1,none,5,2,fed_mutual,1,137,0,0.335,4.945614337921143,0,0,0
cifar10,CNN1,none,5,2,fed_mutual,1,137,1,0.3347,5.109574794769287,0,0,0
cifar10,CNN1,none,5,2,fed_mutual,1,137,2,0.2634,6.480673313140869,0,0,0
cifar10,CNN1,none,5,2,fed_mutual,1,137,3,0.3215,3.8803341388702393,0,0,0
cifar10,CNN1,none,5,2,fed_mutual,1,137,4,0.3607,3.8793742656707764,0,0,0
cifar10,CNN1,none,5,2,fed_mutual,1,138,0,0.3457,5.144771099090576,0,0,0
cifar10,CNN1,none,5,2,fed_mutual,1,138,1,0.3385,5.039467811584473,0,0,0
cifar10,CNN1,none,5,2,fed_mutual,1,138,2,0.265,7.154063701629639,0,0,0
cifar10,CNN1,none,5,2,fed_mutual,1,138,3,0.3244,3.963820219039917,0,0,0
cifar10,CNN1,none,5,2,fed_mutual,1,138,4,0.3565,3.808134078979492,0,0,0
cifar10,CNN1,none,5,2,fed_mutual,1,139,0,0.34260000000000007,4.9467315673828125,0,0,0
cifar10,CNN1,none,5,2,fed_mutual,1,139,1,0.3349,4.58060884475708,0,0,0
cifar10,CNN1,none,5,2,fed_mutual,1,139,2,0.2655,6.310300827026367,0,0,0
cifar10,CNN1,none,5,2,fed_mutual,1,139,3,0.3206,4.309040069580078,0,0,0
cifar10,CNN1,none,5,2,fed_mutual,1,139,4,0.35600000000000004,4.276267051696777,0,0,0
cifar10,CNN1,none,5,2,fed_mutual,1,140,0,0.3455,4.871293067932129,0,0,0
cifar10,CNN1,none,5,2,fed_mutual,1,140,1,0.3359,5.016273021697998,0,0,0
cifar10,CNN1,none,5,2,fed_mutual,1,140,2,0.2638,6.872838497161865,0,0,0
cifar10,CNN1,none,5,2,fed_mutual,1,140,3,0.3219000000000001,4.24882698059082,0,0,0
cifar10,CNN1,none,5,2,fed_mutual,1,140,4,0.3599,4.171225547790527,0,0,0
cifar10,CNN1,none,5,2,fed_mutual,1,141,0,0.3411,4.906033992767334,0,0,0
cifar10,CNN1,none,5,2,fed_mutual,1,141,1,0.3356,5.166133880615234,0,0,0
cifar10,CNN1,none,5,2,fed_mutual,1,141,2,0.2674,6.677134037017822,0,0,0
cifar10,CNN1,none,5,2,fed_mutual,1,141,3,0.322,4.028210639953613,0,0,0
cifar10,CNN1,none,5,2,fed_mutual,1,141,4,0.3605,3.969740629196167,0,0,0
cifar10,CNN1,none,5,2,fed_mutual,1,142,0,0.3445,4.705625057220459,0,0,0
cifar10,CNN1,none,5,2,fed_mutual,1,142,1,0.3373,5.236781120300293,0,0,0
cifar10,CNN1,none,5,2,fed_mutual,1,142,2,0.2573,6.544352054595947,0,0,0
cifar10,CNN1,none,5,2,fed_mutual,1,142,3,0.324,3.9823100566864014,0,0,0
cifar10,CNN1,none,5,2,fed_mutual,1,142,4,0.36230000000000007,3.8442585468292236,0,0,0
cifar10,CNN1,none,5,2,fed_mutual,1,143,0,0.3432,4.702604293823242,0,0,0
cifar10,CNN1,none,5,2,fed_mutual,1,143,1,0.3295,5.146265506744385,0,0,0
cifar10,CNN1,none,5,2,fed_mutual,1,143,2,0.2607,6.469595909118652,0,0,0
cifar10,CNN1,none,5,2,fed_mutual,1,143,3,0.32280000000000003,4.513362884521484,0,0,0
cifar10,CNN1,none,5,2,fed_mutual,1,143,4,0.3563,3.9454517364501953,0,0,0
cifar10,CNN1,none,5,2,fed_mutual,1,144,0,0.34489999999999993,4.909322261810303,0,0,0
cifar10,CNN1,none,5,2,fed_mutual,1,144,1,0.337,4.780782222747803,0,0,0
cifar10,CNN1,none,5,2,fed_mutual,1,144,2,0.2562,7.003227233886719,0,0,0
cifar10,CNN1,none,5,2,fed_mutual,1,144,3,0.3237,4.110448837280273,0,0,0
cifar10,CNN1,none,5,2,fed_mutual,1,144,4,0.3593,3.9792659282684326,0,0,0
cifar10,CNN1,none,5,2,fed_mutual,1,145,0,0.3422,4.977950096130371,0,0,0
cifar10,CNN1,none,5,2,fed_mutual,1,145,1,0.3373,5.232709884643555,0,0,0
cifar10,CNN1,none,5,2,fed_mutual,1,145,2,0.2652,6.506408214569092,0,0,0
cifar10,CNN1,none,5,2,fed_mutual,1,145,3,0.3259,3.88669753074646,0,0,0
cifar10,CNN1,none,5,2,fed_mutual,1,145,4,0.3631,4.1599931716918945,0,0,0
cifar10,CNN1,none,5,2,fed_mutual,1,146,0,0.3414,4.616415023803711,0,0,0
cifar10,CNN1,none,5,2,fed_mutual,1,146,1,0.3324,4.852451324462891,0,0,0
cifar10,CNN1,none,5,2,fed_mutual,1,146,2,0.2525,6.940181255340576,0,0,0
cifar10,CNN1,none,5,2,fed_mutual,1,146,3,0.32300000000000006,4.108206748962402,0,0,0
cifar10,CNN1,none,5,2,fed_mutual,1,146,4,0.3602,3.6825063228607178,0,0,0
cifar10,CNN1,none,5,2,fed_mutual,1,147,0,0.3478,4.662781238555908,0,0,0
cifar10,CNN1,none,5,2,fed_mutual,1,147,1,0.33770000000000006,4.781641006469727,0,0,0
cifar10,CNN1,none,5,2,fed_mutual,1,147,2,0.2622,6.58078670501709,0,0,0
cifar10,CNN1,none,5,2,fed_mutual,1,147,3,0.3238,3.749885320663452,0,0,0
cifar10,CNN1,none,5,2,fed_mutual,1,147,4,0.3655999999999999,3.759162425994873,0,0,0
cifar10,CNN1,none,5,2,fed_mutual,1,148,0,0.3469,5.016261100769043,0,0,0
cifar10,CNN1,none,5,2,fed_mutual,1,148,1,0.3328,4.639255523681641,0,0,0
cifar10,CNN1,none,5,2,fed_mutual,1,148,2,0.2666,6.474545001983643,0,0,0
cifar10,CNN1,none,5,2,fed_mutual,1,148,3,0.3248,4.238213539123535,0,0,0
cifar10,CNN1,none,5,2,fed_mutual,1,148,4,0.3593,3.981491804122925,0,0,0
cifar10,CNN1,none,5,2,fed_mutual,1,149,0,0.3445,4.842111110687256,0,0,0
cifar10,CNN1,none,5,2,fed_mutual,1,149,1,0.3365000000000001,5.065382480621338,0,0,0
cifar10,CNN1,none,5,2,fed_mutual,1,149,2,0.2642,6.481044292449951,0,0,0
cifar10,CNN1,none,5,2,fed_mutual,1,149,3,0.3188,4.293975830078125,0,0,0
cifar10,CNN1,none,5,2,fed_mutual,1,149,4,0.3525,4.013984680175781,0,0,0
cifar10,CNN1,none,5,2,fed_mutual,1,150,0,0.3432,4.9248833656311035,0,0,0
cifar10,CNN1,none,5,2,fed_mutual,1,150,1,0.3346,4.757849216461182,0,0,0
cifar10,CNN1,none,5,2,fed_mutual,1,150,2,0.2655,6.545603275299072,0,0,0
cifar10,CNN1,none,5,2,fed_mutual,1,150,3,0.3167,4.1156721115112305,0,0,0
cifar10,CNN1,none,5,2,fed_mutual,1,150,4,0.3565,4.14353609085083,0,0,0
cifar10,CNN1,none,5,2,fed_mutual,1,151,0,0.34619999999999995,4.65750789642334,0,0,0
cifar10,CNN1,none,5,2,fed_mutual,1,151,1,0.33509999999999995,4.959140777587891,0,0,0
cifar10,CNN1,none,5,2,fed_mutual,1,151,2,0.2656,7.033725738525391,0,0,0
cifar10,CNN1,none,5,2,fed_mutual,1,151,3,0.3199,4.115394592285156,0,0,0
cifar10,CNN1,none,5,2,fed_mutual,1,151,4,0.34990000000000004,4.254586219787598,0,0,0
cifar10,CNN1,none,5,2,fed_mutual,1,152,0,0.3447,4.629482746124268,0,0,0
cifar10,CNN1,none,5,2,fed_mutual,1,152,1,0.3369,4.834971904754639,0,0,0
cifar10,CNN1,none,5,2,fed_mutual,1,152,2,0.2635,6.47247314453125,0,0,0
cifar10,CNN1,none,5,2,fed_mutual,1,152,3,0.3227,4.1524152755737305,0,0,0
cifar10,CNN1,none,5,2,fed_mutual,1,152,4,0.3579,3.9483609199523926,0,0,0
cifar10,CNN1,none,5,2,fed_mutual,1,153,0,0.3456,5.054295539855957,0,0,0
cifar10,CNN1,none,5,2,fed_mutual,1,153,1,0.3390000000000001,4.965480327606201,0,0,0
cifar10,CNN1,none,5,2,fed_mutual,1,153,2,0.2639,6.865458011627197,0,0,0
cifar10,CNN1,none,5,2,fed_mutual,1,153,3,0.3194,4.041696071624756,0,0,0
cifar10,CNN1,none,5,2,fed_mutual,1,153,4,0.3618,3.852661609649658,0,0,0
cifar10,CNN1,none,5,2,fed_mutual,1,154,0,0.3445,4.863476276397705,0,0,0
cifar10,CNN1,none,5,2,fed_mutual,1,154,1,0.3359,4.763913631439209,0,0,0
cifar10,CNN1,none,5,2,fed_mutual,1,154,2,0.2659,6.436980724334717,0,0,0
cifar10,CNN1,none,5,2,fed_mutual,1,154,3,0.3207,3.8392114639282227,0,0,0
cifar10,CNN1,none,5,2,fed_mutual,1,154,4,0.3579,4.219589710235596,0,0,0
cifar10,CNN1,none,5,2,fed_mutual,1,155,0,0.348,4.702445030212402,0,0,0
cifar10,CNN1,none,5,2,fed_mutual,1,155,1,0.3378,4.812719345092773,0,0,0
cifar10,CNN1,none,5,2,fed_mutual,1,155,2,0.2654,6.834190845489502,0,0,0
cifar10,CNN1,none,5,2,fed_mutual,1,155,3,0.32420000000000004,4.024418830871582,0,0,0
cifar10,CNN1,none,5,2,fed_mutual,1,155,4,0.3606,4.08860445022583,0,0,0
cifar10,CNN1,none,5,2,fed_mutual,1,156,0,0.3456,5.013455867767334,0,0,0
cifar10,CNN1,none,5,2,fed_mutual,1,156,1,0.3359,4.930765628814697,0,0,0
cifar10,CNN1,none,5,2,fed_mutual,1,156,2,0.2573,6.712179183959961,0,0,0
cifar10,CNN1,none,5,2,fed_mutual,1,156,3,0.3233,3.5897233486175537,0,0,0
cifar10,CNN1,none,5,2,fed_mutual,1,156,4,0.3549,4.077859401702881,0,0,0
cifar10,CNN1,none,5,2,fed_mutual,1,157,0,0.3435,4.872544765472412,0,0,0
cifar10,CNN1,none,5,2,fed_mutual,1,157,1,0.34,4.862066268920898,0,0,0
cifar10,CNN1,none,5,2,fed_mutual,1,157,2,0.2664,6.842909812927246,0,0,0
cifar10,CNN1,none,5,2,fed_mutual,1,157,3,0.3244,4.380504608154297,0,0,0
cifar10,CNN1,none,5,2,fed_mutual,1,157,4,0.36329999999999996,4.207098484039307,0,0,0
cifar10,CNN1,none,5,2,fed_mutual,1,158,0,0.3461,4.939604759216309,0,0,0
cifar10,CNN1,none,5,2,fed_mutual,1,158,1,0.3325,5.023989200592041,0,0,0
cifar10,CNN1,none,5,2,fed_mutual,1,158,2,0.2633,6.54137659072876,0,0,0
cifar10,CNN1,none,5,2,fed_mutual,1,158,3,0.3224,4.340860366821289,0,0,0
cifar10,CNN1,none,5,2,fed_mutual,1,158,4,0.3689,3.806718349456787,0,0,0
cifar10,CNN1,none,5,2,fed_mutual,1,159,0,0.3407,4.614297866821289,0,0,0
cifar10,CNN1,none,5,2,fed_mutual,1,159,1,0.3373,4.5365447998046875,0,0,0
cifar10,CNN1,none,5,2,fed_mutual,1,159,2,0.2592,6.787257194519043,0,0,0
cifar10,CNN1,none,5,2,fed_mutual,1,159,3,0.32409999999999994,4.209824085235596,0,0,0
cifar10,CNN1,none,5,2,fed_mutual,1,159,4,0.3547,3.700730800628662,0,0,0
cifar10,CNN1,none,5,2,fed_mutual,1,160,0,0.3422,4.8214826583862305,0,0,0
cifar10,CNN1,none,5,2,fed_mutual,1,160,1,0.33140000000000003,5.033439636230469,0,0,0
cifar10,CNN1,none,5,2,fed_mutual,1,160,2,0.2627,6.2784953117370605,0,0,0
cifar10,CNN1,none,5,2,fed_mutual,1,160,3,0.3235,4.210859298706055,0,0,0
cifar10,CNN1,none,5,2,fed_mutual,1,160,4,0.3635,3.711143970489502,0,0,0
cifar10,CNN1,none,5,2,fed_mutual,1,161,0,0.34489999999999993,4.795267105102539,0,0,0
cifar10,CNN1,none,5,2,fed_mutual,1,161,1,0.33410000000000006,5.028041839599609,0,0,0
cifar10,CNN1,none,5,2,fed_mutual,1,161,2,0.2587,6.6525468826293945,0,0,0
cifar10,CNN1,none,5,2,fed_mutual,1,161,3,0.3245,4.01407527923584,0,0,0
cifar10,CNN1,none,5,2,fed_mutual,1,161,4,0.3581,4.107363224029541,0,0,0
cifar10,CNN1,none,5,2,fed_mutual,1,162,0,0.3456,5.0043463706970215,0,0,0
cifar10,CNN1,none,5,2,fed_mutual,1,162,1,0.3319,5.126335620880127,0,0,0
cifar10,CNN1,none,5,2,fed_mutual,1,162,2,0.2639,6.888525485992432,0,0,0
cifar10,CNN1,none,5,2,fed_mutual,1,162,3,0.3167,4.3584699630737305,0,0,0
cifar10,CNN1,none,5,2,fed_mutual,1,162,4,0.365,3.8714098930358887,0,0,0
cifar10,CNN1,none,5,2,fed_mutual,1,163,0,0.3468,5.001900672912598,0,0,0
cifar10,CNN1,none,5,2,fed_mutual,1,163,1,0.3354,4.95074987411499,0,0,0
cifar10,CNN1,none,5,2,fed_mutual,1,163,2,0.2614,7.4966816902160645,0,0,0
cifar10,CNN1,none,5,2,fed_mutual,1,163,3,0.32409999999999994,4.084056377410889,0,0,0
cifar10,CNN1,none,5,2,fed_mutual,1,163,4,0.35949999999999993,4.043529987335205,0,0,0
cifar10,CNN1,none,5,2,fed_mutual,1,164,0,0.3486,4.558145523071289,0,0,0
cifar10,CNN1,none,5,2,fed_mutual,1,164,1,0.33520000000000005,4.674465179443359,0,0,0
cifar10,CNN1,none,5,2,fed_mutual,1,164,2,0.266,6.42706823348999,0,0,0
cifar10,CNN1,none,5,2,fed_mutual,1,164,3,0.3246,4.169068813323975,0,0,0
cifar10,CNN1,none,5,2,fed_mutual,1,164,4,0.3586,4.193879127502441,0,0,0
cifar10,CNN1,none,5,2,fed_mutual,1,165,0,0.3466,5.060612201690674,0,0,0
cifar10,CNN1,none,5,2,fed_mutual,1,165,1,0.3354,5.17767858505249,0,0,0
cifar10,CNN1,none,5,2,fed_mutual,1,165,2,0.2647,6.84028434753418,0,0,0
cifar10,CNN1,none,5,2,fed_mutual,1,165,3,0.3202999999999999,3.9168617725372314,0,0,0
cifar10,CNN1,none,5,2,fed_mutual,1,165,4,0.35850000000000004,3.712461471557617,0,0,0
cifar10,CNN1,none,5,2,fed_mutual,1,166,0,0.34260000000000007,5.075192928314209,0,0,0
cifar10,CNN1,none,5,2,fed_mutual,1,166,1,0.3378,4.917972564697266,0,0,0
cifar10,CNN1,none,5,2,fed_mutual,1,166,2,0.2661,5.925252437591553,0,0,0
cifar10,CNN1,none,5,2,fed_mutual,1,166,3,0.3237,3.8476474285125732,0,0,0
cifar10,CNN1,none,5,2,fed_mutual,1,166,4,0.36219999999999997,3.95849609375,0,0,0
cifar10,CNN1,none,5,2,fed_mutual,1,167,0,0.3423,4.970664978027344,0,0,0
cifar10,CNN1,none,5,2,fed_mutual,1,167,1,0.33520000000000005,4.859527111053467,0,0,0
cifar10,CNN1,none,5,2,fed_mutual,1,167,2,0.2647,6.253823280334473,0,0,0
cifar10,CNN1,none,5,2,fed_mutual,1,167,3,0.3214,4.320684909820557,0,0,0
cifar10,CNN1,none,5,2,fed_mutual,1,167,4,0.35969999999999996,3.8944451808929443,0,0,0
cifar10,CNN1,none,5,2,fed_mutual,1,168,0,0.3441,4.7618303298950195,0,0,0
cifar10,CNN1,none,5,2,fed_mutual,1,168,1,0.3294,4.767336845397949,0,0,0
cifar10,CNN1,none,5,2,fed_mutual,1,168,2,0.2671,6.364734172821045,0,0,0
cifar10,CNN1,none,5,2,fed_mutual,1,168,3,0.3258,3.7191553115844727,0,0,0
cifar10,CNN1,none,5,2,fed_mutual,1,168,4,0.3629,3.8869166374206543,0,0,0
cifar10,CNN1,none,5,2,fed_mutual,1,169,0,0.3429,5.023660182952881,0,0,0
cifar10,CNN1,none,5,2,fed_mutual,1,169,1,0.3342,5.065512657165527,0,0,0
cifar10,CNN1,none,5,2,fed_mutual,1,169,2,0.2649,7.059252738952637,0,0,0
cifar10,CNN1,none,5,2,fed_mutual,1,169,3,0.3213,3.9628729820251465,0,0,0
cifar10,CNN1,none,5,2,fed_mutual,1,169,4,0.3603,4.100125789642334,0,0,0
cifar10,CNN1,none,5,2,fed_mutual,1,170,0,0.3459999999999999,4.927813529968262,0,0,0
cifar10,CNN1,none,5,2,fed_mutual,1,170,1,0.33759999999999996,5.061893463134766,0,0,0
cifar10,CNN1,none,5,2,fed_mutual,1,170,2,0.2619,6.407841205596924,0,0,0
cifar10,CNN1,none,5,2,fed_mutual,1,170,3,0.3167,4.017566204071045,0,0,0
cifar10,CNN1,none,5,2,fed_mutual,1,170,4,0.3594,4.087479114532471,0,0,0
cifar10,CNN1,none,5,2,fed_mutual,1,171,0,0.3457,4.788773059844971,0,0,0
cifar10,CNN1,none,5,2,fed_mutual,1,171,1,0.3367,4.879473686218262,0,0,0
cifar10,CNN1,none,5,2,fed_mutual,1,171,2,0.2634,6.572127342224121,0,0,0
cifar10,CNN1,none,5,2,fed_mutual,1,171,3,0.3212,4.109698295593262,0,0,0
cifar10,CNN1,none,5,2,fed_mutual,1,171,4,0.3611,4.02684211730957,0,0,0
cifar10,CNN1,none,5,2,fed_mutual,1,172,0,0.3429,4.507161617279053,0,0,0
cifar10,CNN1,none,5,2,fed_mutual,1,172,1,0.33520000000000005,4.865038871765137,0,0,0
cifar10,CNN1,none,5,2,fed_mutual,1,172,2,0.2638,6.84039306640625,0,0,0
cifar10,CNN1,none,5,2,fed_mutual,1,172,3,0.321,3.9558515548706055,0,0,0
cifar10,CNN1,none,5,2,fed_mutual,1,172,4,0.36199999999999993,3.7579164505004883,0,0,0
cifar10,CNN1,none,5,2,fed_mutual,1,173,0,0.344,4.8286213874816895,0,0,0
cifar10,CNN1,none,5,2,fed_mutual,1,173,1,0.33509999999999995,4.956056118011475,0,0,0
cifar10,CNN1,none,5,2,fed_mutual,1,173,2,0.2583,6.2926344871521,0,0,0
cifar10,CNN1,none,5,2,fed_mutual,1,173,3,0.3223,4.31939172744751,0,0,0
cifar10,CNN1,none,5,2,fed_mutual,1,173,4,0.3605,4.322973251342773,0,0,0
cifar10,CNN1,none,5,2,fed_mutual,1,174,0,0.3456,4.725550651550293,0,0,0
cifar10,CNN1,none,5,2,fed_mutual,1,174,1,0.337,5.133861541748047,0,0,0
cifar10,CNN1,none,5,2,fed_mutual,1,174,2,0.2571,6.7368364334106445,0,0,0
cifar10,CNN1,none,5,2,fed_mutual,1,174,3,0.3154,4.204286575317383,0,0,0
cifar10,CNN1,none,5,2,fed_mutual,1,174,4,0.3546,4.0113959312438965,0,0,0
cifar10,CNN1,none,5,2,fed_mutual,1,175,0,0.3466,4.9294023513793945,0,0,0
cifar10,CNN1,none,5,2,fed_mutual,1,175,1,0.335,4.922497749328613,0,0,0
cifar10,CNN1,none,5,2,fed_mutual,1,175,2,0.2645,6.201116561889648,0,0,0
cifar10,CNN1,none,5,2,fed_mutual,1,175,3,0.3185,4.202436447143555,0,0,0
cifar10,CNN1,none,5,2,fed_mutual,1,175,4,0.3624,3.9108500480651855,0,0,0
cifar10,CNN1,none,5,2,fed_mutual,1,176,0,0.347,4.928882598876953,0,0,0
cifar10,CNN1,none,5,2,fed_mutual,1,176,1,0.3391,4.94124698638916,0,0,0
cifar10,CNN1,none,5,2,fed_mutual,1,176,2,0.2556,7.053690433502197,0,0,0
cifar10,CNN1,none,5,2,fed_mutual,1,176,3,0.3231,4.060253620147705,0,0,0
cifar10,CNN1,none,5,2,fed_mutual,1,176,4,0.3665,3.7667622566223145,0,0,0
cifar10,CNN1,none,5,2,fed_mutual,1,177,0,0.3457,4.855664253234863,0,0,0
cifar10,CNN1,none,5,2,fed_mutual,1,177,1,0.3375,4.802555084228516,0,0,0
cifar10,CNN1,none,5,2,fed_mutual,1,177,2,0.2622,6.746860980987549,0,0,0
cifar10,CNN1,none,5,2,fed_mutual,1,177,3,0.3226,4.201945781707764,0,0,0
cifar10,CNN1,none,5,2,fed_mutual,1,177,4,0.3556,3.9221465587615967,0,0,0
cifar10,CNN1,none,5,2,fed_mutual,1,178,0,0.3458,4.693216800689697,0,0,0
cifar10,CNN1,none,5,2,fed_mutual,1,178,1,0.3397,5.062668323516846,0,0,0
cifar10,CNN1,none,5,2,fed_mutual,1,178,2,0.2623,6.588555335998535,0,0,0
cifar10,CNN1,none,5,2,fed_mutual,1,178,3,0.3234,3.9535746574401855,0,0,0
cifar10,CNN1,none,5,2,fed_mutual,1,178,4,0.3431,4.315910339355469,0,0,0
cifar10,CNN1,none,5,2,fed_mutual,1,179,0,0.34870000000000007,5.045106887817383,0,0,0
cifar10,CNN1,none,5,2,fed_mutual,1,179,1,0.3349,4.798555374145508,0,0,0
cifar10,CNN1,none,5,2,fed_mutual,1,179,2,0.2613,6.5449299812316895,0,0,0
cifar10,CNN1,none,5,2,fed_mutual,1,179,3,0.3222,3.934582471847534,0,0,0
cifar10,CNN1,none,5,2,fed_mutual,1,179,4,0.364,3.8122222423553467,0,0,0
cifar10,CNN1,none,5,2,fed_mutual,1,180,0,0.3457,5.115588188171387,0,0,0
cifar10,CNN1,none,5,2,fed_mutual,1,180,1,0.3355,4.7642741203308105,0,0,0
cifar10,CNN1,none,5,2,fed_mutual,1,180,2,0.2668,6.813479900360107,0,0,0
cifar10,CNN1,none,5,2,fed_mutual,1,180,3,0.318,4.26636266708374,0,0,0
cifar10,CNN1,none,5,2,fed_mutual,1,180,4,0.36840000000000006,3.6699142456054688,0,0,0
cifar10,CNN1,none,5,2,fed_mutual,1,181,0,0.3464,4.823843479156494,0,0,0
cifar10,CNN1,none,5,2,fed_mutual,1,181,1,0.3346,4.700255870819092,0,0,0
cifar10,CNN1,none,5,2,fed_mutual,1,181,2,0.2655,6.373174667358398,0,0,0
cifar10,CNN1,none,5,2,fed_mutual,1,181,3,0.3142,4.172357082366943,0,0,0
cifar10,CNN1,none,5,2,fed_mutual,1,181,4,0.3599,3.9094088077545166,0,0,0
cifar10,CNN1,none,5,2,fed_mutual,1,182,0,0.3489,4.601696968078613,0,0,0
cifar10,CNN1,none,5,2,fed_mutual,1,182,1,0.3368,4.951948642730713,0,0,0
cifar10,CNN1,none,5,2,fed_mutual,1,182,2,0.2628,6.89808988571167,0,0,0
cifar10,CNN1,none,5,2,fed_mutual,1,182,3,0.3155,4.390466213226318,0,0,0
cifar10,CNN1,none,5,2,fed_mutual,1,182,4,0.3651,3.8928444385528564,0,0,0
cifar10,CNN1,none,5,2,fed_mutual,1,183,0,0.3484999999999999,4.452784061431885,0,0,0
cifar10,CNN1,none,5,2,fed_mutual,1,183,1,0.3359,5.115527153015137,0,0,0
cifar10,CNN1,none,5,2,fed_mutual,1,183,2,0.2671,6.611375331878662,0,0,0
cifar10,CNN1,none,5,2,fed_mutual,1,183,3,0.3215,4.089563846588135,0,0,0
cifar10,CNN1,none,5,2,fed_mutual,1,183,4,0.35370000000000007,4.128791809082031,0,0,0
cifar10,CNN1,none,5,2,fed_mutual,1,184,0,0.3486,4.892523288726807,0,0,0
cifar10,CNN1,none,5,2,fed_mutual,1,184,1,0.33770000000000006,4.927484035491943,0,0,0
cifar10,CNN1,none,5,2,fed_mutual,1,184,2,0.2541,6.546788692474365,0,0,0
cifar10,CNN1,none,5,2,fed_mutual,1,184,3,0.3239,4.419471740722656,0,0,0
cifar10,CNN1,none,5,2,fed_mutual,1,184,4,0.364,3.998814582824707,0,0,0
cifar10,CNN1,none,5,2,fed_mutual,1,185,0,0.3432,5.081628322601318,0,0,0
cifar10,CNN1,none,5,2,fed_mutual,1,185,1,0.33629999999999993,5.023917198181152,0,0,0
cifar10,CNN1,none,5,2,fed_mutual,1,185,2,0.2619,7.060271263122559,0,0,0
cifar10,CNN1,none,5,2,fed_mutual,1,185,3,0.3225,4.2028350830078125,0,0,0
cifar10,CNN1,none,5,2,fed_mutual,1,185,4,0.3617,3.869631290435791,0,0,0
cifar10,CNN1,none,5,2,fed_mutual,1,186,0,0.34130000000000005,4.867232322692871,0,0,0
cifar10,CNN1,none,5,2,fed_mutual,1,186,1,0.3383,4.822638988494873,0,0,0
cifar10,CNN1,none,5,2,fed_mutual,1,186,2,0.2634,6.57879114151001,0,0,0
cifar10,CNN1,none,5,2,fed_mutual,1,186,3,0.3152,4.066596984863281,0,0,0
cifar10,CNN1,none,5,2,fed_mutual,1,186,4,0.3602,3.9673678874969482,0,0,0
cifar10,CNN1,none,5,2,fed_mutual,1,187,0,0.3468,5.044886589050293,0,0,0
cifar10,CNN1,none,5,2,fed_mutual,1,187,1,0.3373999999999999,4.7917680740356445,0,0,0
cifar10,CNN1,none,5,2,fed_mutual,1,187,2,0.2664,6.581422805786133,0,0,0
cifar10,CNN1,none,5,2,fed_mutual,1,187,3,0.3263,3.7168564796447754,0,0,0
cifar10,CNN1,none,5,2,fed_mutual,1,187,4,0.3617,3.845219850540161,0,0,0
cifar10,CNN1,none,5,2,fed_mutual,1,188,0,0.34489999999999993,4.640202045440674,0,0,0
cifar10,CNN1,none,5,2,fed_mutual,1,188,1,0.3346,4.842864513397217,0,0,0
cifar10,CNN1,none,5,2,fed_mutual,1,188,2,0.2598,6.590719223022461,0,0,0
cifar10,CNN1,none,5,2,fed_mutual,1,188,3,0.3141,3.874096632003784,0,0,0
cifar10,CNN1,none,5,2,fed_mutual,1,188,4,0.3628,4.0552473068237305,0,0,0
cifar10,CNN1,none,5,2,fed_mutual,1,189,0,0.344,4.5772013664245605,0,0,0
cifar10,CNN1,none,5,2,fed_mutual,1,189,1,0.3361,5.052645683288574,0,0,0
cifar10,CNN1,none,5,2,fed_mutual,1,189,2,0.2551,6.990323543548584,0,0,0
cifar10,CNN1,none,5,2,fed_mutual,1,189,3,0.3246,4.016087532043457,0,0,0
cifar10,CNN1,none,5,2,fed_mutual,1,189,4,0.3679,4.012444496154785,0,0,0
cifar10,CNN1,none,5,2,fed_mutual,1,190,0,0.3423999999999999,4.716352462768555,0,0,0
cifar10,CNN1,none,5,2,fed_mutual,1,190,1,0.3387,5.402469158172607,0,0,0
cifar10,CNN1,none,5,2,fed_mutual,1,190,2,0.2614,6.4965739250183105,0,0,0
cifar10,CNN1,none,5,2,fed_mutual,1,190,3,0.3258,4.291539669036865,0,0,0
cifar10,CNN1,none,5,2,fed_mutual,1,190,4,0.35960000000000003,4.141704082489014,0,0,0
cifar10,CNN1,none,5,2,fed_mutual,1,191,0,0.3492,4.493505001068115,0,0,0
cifar10,CNN1,none,5,2,fed_mutual,1,191,1,0.3345,5.1605706214904785,0,0,0
cifar10,CNN1,none,5,2,fed_mutual,1,191,2,0.2656,6.744891166687012,0,0,0
cifar10,CNN1,none,5,2,fed_mutual,1,191,3,0.3223,4.000343322753906,0,0,0
cifar10,CNN1,none,5,2,fed_mutual,1,191,4,0.3592,4.0312275886535645,0,0,0
cifar10,CNN1,none,5,2,fed_mutual,1,192,0,0.3475,4.622602939605713,0,0,0
cifar10,CNN1,none,5,2,fed_mutual,1,192,1,0.3378,4.891674995422363,0,0,0
cifar10,CNN1,none,5,2,fed_mutual,1,192,2,0.263,6.420836925506592,0,0,0
cifar10,CNN1,none,5,2,fed_mutual,1,192,3,0.3154,4.263006210327148,0,0,0
cifar10,CNN1,none,5,2,fed_mutual,1,192,4,0.35350000000000004,4.330244541168213,0,0,0
cifar10,CNN1,none,5,2,fed_mutual,1,193,0,0.3434,4.937718868255615,0,0,0
cifar10,CNN1,none,5,2,fed_mutual,1,193,1,0.3397,5.027445316314697,0,0,0
cifar10,CNN1,none,5,2,fed_mutual,1,193,2,0.2641,6.59521484375,0,0,0
cifar10,CNN1,none,5,2,fed_mutual,1,193,3,0.3239,4.335115909576416,0,0,0
cifar10,CNN1,none,5,2,fed_mutual,1,193,4,0.3599,4.032820701599121,0,0,0
cifar10,CNN1,none,5,2,fed_mutual,1,194,0,0.3456,4.887511730194092,0,0,0
cifar10,CNN1,none,5,2,fed_mutual,1,194,1,0.3406,4.766151428222656,0,0,0
cifar10,CNN1,none,5,2,fed_mutual,1,194,2,0.2604,6.788619041442871,0,0,0
cifar10,CNN1,none,5,2,fed_mutual,1,194,3,0.322,3.759270429611206,0,0,0
cifar10,CNN1,none,5,2,fed_mutual,1,194,4,0.3601,3.9030778408050537,0,0,0
cifar10,CNN1,none,5,2,fed_mutual,1,195,0,0.3461,4.781527042388916,0,0,0
cifar10,CNN1,none,5,2,fed_mutual,1,195,1,0.3342,4.840713977813721,0,0,0
cifar10,CNN1,none,5,2,fed_mutual,1,195,2,0.2642,7.177560806274414,0,0,0
cifar10,CNN1,none,5,2,fed_mutual,1,195,3,0.3191,3.861372232437134,0,0,0
cifar10,CNN1,none,5,2,fed_mutual,1,195,4,0.36469999999999997,3.934051275253296,0,0,0
cifar10,CNN1,none,5,2,fed_mutual,1,196,0,0.34489999999999993,4.967151165008545,0,0,0
cifar10,CNN1,none,5,2,fed_mutual,1,196,1,0.3379,5.180562973022461,0,0,0
cifar10,CNN1,none,5,2,fed_mutual,1,196,2,0.2627,6.876214504241943,0,0,0
cifar10,CNN1,none,5,2,fed_mutual,1,196,3,0.3226,4.223339080810547,0,0,0
cifar10,CNN1,none,5,2,fed_mutual,1,196,4,0.3677,4.042494297027588,0,0,0
cifar10,CNN1,none,5,2,fed_mutual,1,197,0,0.341,4.898253440856934,0,0,0
cifar10,CNN1,none,5,2,fed_mutual,1,197,1,0.3368,4.7348456382751465,0,0,0
cifar10,CNN1,none,5,2,fed_mutual,1,197,2,0.26,6.768866062164307,0,0,0
cifar10,CNN1,none,5,2,fed_mutual,1,197,3,0.3268,3.739405393600464,0,0,0
cifar10,CNN1,none,5,2,fed_mutual,1,197,4,0.3615,4.031161308288574,0,0,0
cifar10,CNN1,none,5,2,fed_mutual,1,198,0,0.3453,4.8858184814453125,0,0,0
cifar10,CNN1,none,5,2,fed_mutual,1,198,1,0.3372,4.9519758224487305,0,0,0
cifar10,CNN1,none,5,2,fed_mutual,1,198,2,0.2603,6.864119052886963,0,0,0
cifar10,CNN1,none,5,2,fed_mutual,1,198,3,0.3206,3.976736545562744,0,0,0
cifar10,CNN1,none,5,2,fed_mutual,1,198,4,0.3718,3.780712366104126,0,0,0
cifar10,CNN1,none,5,2,fed_mutual,1,199,0,0.3477,4.423234939575195,0,0,0
cifar10,CNN1,none,5,2,fed_mutual,1,199,1,0.338,4.76123571395874,0,0,0
cifar10,CNN1,none,5,2,fed_mutual,1,199,2,0.2657,6.573101043701172,0,0,0
cifar10,CNN1,none,5,2,fed_mutual,1,199,3,0.3195,4.21776819229126,0,0,0
cifar10,CNN1,none,5,2,fed_mutual,1,199,4,0.36230000000000007,4.060916900634766,0,0,0
cifar10,CNN1,none,5,2,fed_mutual,1,200,0,0.3428,4.704673767089844,0,0,0
cifar10,CNN1,none,5,2,fed_mutual,1,200,1,0.3328,4.874661922454834,0,0,0
cifar10,CNN1,none,5,2,fed_mutual,1,200,2,0.2619,6.768718719482422,0,0,0
cifar10,CNN1,none,5,2,fed_mutual,1,200,3,0.32550000000000007,4.0923171043396,0,0,0
cifar10,CNN1,none,5,2,fed_mutual,1,200,4,0.3635,3.922750473022461,0,0,0
